# https://github.com/mikedh/trimesh
mtllib material.mtl

o Torso_Main
usemtl AXION_Armor_Blue
v -0.34000000 1.04000000 -0.17000000
v -0.34000000 1.04000000 0.17000000
v -0.34000000 1.86000000 -0.17000000
v -0.34000000 1.86000000 0.17000000
v 0.34000000 1.04000000 -0.17000000
v 0.34000000 1.04000000 0.17000000
v 0.34000000 1.86000000 -0.17000000
v 0.34000000 1.86000000 0.17000000
f 2 4 1
f 5 2 1
f 1 4 3
f 3 5 1
f 2 8 4
f 6 2 5
f 6 8 2
f 4 8 3
f 7 5 3
f 3 8 7
f 7 6 5
f 8 6 7

o Torso_ChestPlate
usemtl AXION_Armor_Light
v -0.22000000 1.42000000 -0.24500000
v -0.22000000 1.42000000 0.17500000
v -0.22000000 1.78000000 -0.24500000
v -0.22000000 1.78000000 0.17500000
v 0.32000000 1.42000000 -0.24500000
v 0.32000000 1.42000000 0.17500000
v 0.32000000 1.78000000 -0.24500000
v 0.32000000 1.78000000 0.17500000
f 10 12 9
f 13 10 9
f 9 12 11
f 11 13 9
f 10 16 12
f 14 10 13
f 14 16 10
f 12 16 11
f 15 13 11
f 11 16 15
f 15 14 13
f 16 14 15

o Torso_Abdomen
usemtl AXION_Armor_Dark
v -0.23000000 0.93000000 -0.14000000
v -0.23000000 0.93000000 0.14000000
v -0.23000000 1.19000000 -0.14000000
v -0.23000000 1.19000000 0.14000000
v 0.23000000 0.93000000 -0.14000000
v 0.23000000 0.93000000 0.14000000
v 0.23000000 1.19000000 -0.14000000
v 0.23000000 1.19000000 0.14000000
f 18 20 17
f 21 18 17
f 17 20 19
f 19 21 17
f 18 24 20
f 22 18 21
f 22 24 18
f 20 24 19
f 23 21 19
f 19 24 23
f 23 22 21
f 24 22 23

o Pelvis
usemtl AXION_Armor_Blue
v -0.28000000 0.67000000 -0.17000000
v -0.28000000 0.67000000 0.17000000
v -0.28000000 0.97000000 -0.17000000
v -0.28000000 0.97000000 0.17000000
v 0.28000000 0.67000000 -0.17000000
v 0.28000000 0.67000000 0.17000000
v 0.28000000 0.97000000 -0.17000000
v 0.28000000 0.97000000 0.17000000
f 26 28 25
f 29 26 25
f 25 28 27
f 27 29 25
f 26 32 28
f 30 26 29
f 30 32 26
f 28 32 27
f 31 29 27
f 27 32 31
f 31 30 29
f 32 30 31

o Core_Energy
usemtl AXION_Energy_Cyan
v 0.05000000 1.61000000 -0.26750000
v 0.15500000 1.61000000 -0.26750000
v 0.15500000 1.61000000 -0.22250000
v 0.05000000 1.61000000 -0.22250000
v 0.15298245 1.63048448 -0.26750000
v 0.15298245 1.63048448 -0.22250000
v 0.14700735 1.65018176 -0.26750000
v 0.14700735 1.65018176 -0.22250000
v 0.13730431 1.66833487 -0.26750000
v 0.13730431 1.66833487 -0.22250000
v 0.12424621 1.68424621 -0.26750000
v 0.12424621 1.68424621 -0.22250000
v 0.10833487 1.69730431 -0.26750000
v 0.10833487 1.69730431 -0.22250000
v 0.09018176 1.70700735 -0.26750000
v 0.09018176 1.70700735 -0.22250000
v 0.07048448 1.71298245 -0.26750000
v 0.07048448 1.71298245 -0.22250000
v 0.05000000 1.71500000 -0.26750000
v 0.05000000 1.71500000 -0.22250000
v 0.02951552 1.71298245 -0.26750000
v 0.02951552 1.71298245 -0.22250000
v 0.00981824 1.70700735 -0.26750000
v 0.00981824 1.70700735 -0.22250000
v -0.00833487 1.69730431 -0.26750000
v -0.00833487 1.69730431 -0.22250000
v -0.02424621 1.68424621 -0.26750000
v -0.02424621 1.68424621 -0.22250000
v -0.03730431 1.66833487 -0.26750000
v -0.03730431 1.66833487 -0.22250000
v -0.04700735 1.65018176 -0.26750000
v -0.04700735 1.65018176 -0.22250000
v -0.05298245 1.63048448 -0.26750000
v -0.05298245 1.63048448 -0.22250000
v -0.05500000 1.61000000 -0.26750000
v -0.05500000 1.61000000 -0.22250000
v -0.05298245 1.58951552 -0.26750000
v -0.05298245 1.58951552 -0.22250000
v -0.04700735 1.56981824 -0.26750000
v -0.04700735 1.56981824 -0.22250000
v -0.03730431 1.55166513 -0.26750000
v -0.03730431 1.55166513 -0.22250000
v -0.02424621 1.53575379 -0.26750000
v -0.02424621 1.53575379 -0.22250000
v -0.00833487 1.52269569 -0.26750000
v -0.00833487 1.52269569 -0.22250000
v 0.00981824 1.51299265 -0.26750000
v 0.00981824 1.51299265 -0.22250000
v 0.02951552 1.50701755 -0.26750000
v 0.02951552 1.50701755 -0.22250000
v 0.05000000 1.50500000 -0.26750000
v 0.05000000 1.50500000 -0.22250000
v 0.07048448 1.50701755 -0.26750000
v 0.07048448 1.50701755 -0.22250000
v 0.09018176 1.51299265 -0.26750000
v 0.09018176 1.51299265 -0.22250000
v 0.10833487 1.52269569 -0.26750000
v 0.10833487 1.52269569 -0.22250000
v 0.12424621 1.53575379 -0.26750000
v 0.12424621 1.53575379 -0.22250000
v 0.13730431 1.55166513 -0.26750000
v 0.13730431 1.55166513 -0.22250000
v 0.14700735 1.56981824 -0.26750000
v 0.14700735 1.56981824 -0.22250000
v 0.15298245 1.58951552 -0.26750000
v 0.15298245 1.58951552 -0.22250000
f 34 33 37
f 34 37 35
f 35 37 38
f 35 38 36
f 37 33 39
f 37 39 38
f 38 39 40
f 38 40 36
f 39 33 41
f 39 41 40
f 40 41 42
f 40 42 36
f 41 33 43
f 41 43 42
f 42 43 44
f 42 44 36
f 43 33 45
f 43 45 44
f 44 45 46
f 44 46 36
f 45 33 47
f 45 47 46
f 46 47 48
f 46 48 36
f 47 33 49
f 47 49 48
f 48 49 50
f 48 50 36
f 49 33 51
f 49 51 50
f 50 51 52
f 50 52 36
f 51 33 53
f 51 53 52
f 52 53 54
f 52 54 36
f 53 33 55
f 53 55 54
f 54 55 56
f 54 56 36
f 55 33 57
f 55 57 56
f 56 57 58
f 56 58 36
f 57 33 59
f 57 59 58
f 58 59 60
f 58 60 36
f 59 33 61
f 59 61 60
f 60 61 62
f 60 62 36
f 61 33 63
f 61 63 62
f 62 63 64
f 62 64 36
f 63 33 65
f 63 65 64
f 64 65 66
f 64 66 36
f 65 33 67
f 65 67 66
f 66 67 68
f 66 68 36
f 67 33 69
f 67 69 68
f 68 69 70
f 68 70 36
f 69 33 71
f 69 71 70
f 70 71 72
f 70 72 36
f 71 33 73
f 71 73 72
f 72 73 74
f 72 74 36
f 73 33 75
f 73 75 74
f 74 75 76
f 74 76 36
f 75 33 77
f 75 77 76
f 76 77 78
f 76 78 36
f 77 33 79
f 77 79 78
f 78 79 80
f 78 80 36
f 79 33 81
f 79 81 80
f 80 81 82
f 80 82 36
f 81 33 83
f 81 83 82
f 82 83 84
f 82 84 36
f 83 33 85
f 83 85 84
f 84 85 86
f 84 86 36
f 85 33 87
f 85 87 86
f 86 87 88
f 86 88 36
f 87 33 89
f 87 89 88
f 88 89 90
f 88 90 36
f 89 33 91
f 89 91 90
f 90 91 92
f 90 92 36
f 91 33 93
f 91 93 92
f 92 93 94
f 92 94 36
f 93 33 95
f 93 95 94
f 94 95 96
f 94 96 36
f 95 33 97
f 95 97 96
f 96 97 98
f 96 98 36
f 97 33 34
f 97 34 98
f 98 34 35
f 98 35 36

o Backpack_Core
usemtl AXION_Armor_Dark
v -0.31000000 1.14000000 0.19500000
v -0.31000000 1.14000000 0.33500000
v -0.31000000 1.72000000 0.19500000
v -0.31000000 1.72000000 0.33500000
v -0.05000000 1.14000000 0.19500000
v -0.05000000 1.14000000 0.33500000
v -0.05000000 1.72000000 0.19500000
v -0.05000000 1.72000000 0.33500000
f 100 102 99
f 103 100 99
f 99 102 101
f 101 103 99
f 100 106 102
f 104 100 103
f 104 106 100
f 102 106 101
f 105 103 101
f 101 106 105
f 105 104 103
f 106 104 105

o Backpack_Energy_Strip
usemtl AXION_Energy_Cyan
v -0.21000000 1.20000000 0.33000000
v -0.21000000 1.20000000 0.37000000
v -0.21000000 1.66000000 0.33000000
v -0.21000000 1.66000000 0.37000000
v -0.15000000 1.20000000 0.33000000
v -0.15000000 1.20000000 0.37000000
v -0.15000000 1.66000000 0.33000000
v -0.15000000 1.66000000 0.37000000
f 108 110 107
f 111 108 107
f 107 110 109
f 109 111 107
f 108 114 110
f 112 108 111
f 112 114 108
f 110 114 109
f 113 111 109
f 109 114 113
f 113 112 111
f 114 112 113

o Neck_Joint
usemtl AXION_Joints
v 0.00000000 1.84000000 0.00000000
v 0.00000000 1.84000000 -0.12000000
v 0.00000000 2.02000000 -0.12000000
v 0.00000000 2.02000000 0.00000000
v -0.03105829 1.84000000 -0.11591110
v -0.03105829 2.02000000 -0.11591110
v -0.06000000 1.84000000 -0.10392305
v -0.06000000 2.02000000 -0.10392305
v -0.08485281 1.84000000 -0.08485281
v -0.08485281 2.02000000 -0.08485281
v -0.10392305 1.84000000 -0.06000000
v -0.10392305 2.02000000 -0.06000000
v -0.11591110 1.84000000 -0.03105829
v -0.11591110 2.02000000 -0.03105829
v -0.12000000 1.84000000 -0.00000000
v -0.12000000 2.02000000 -0.00000000
v -0.11591110 1.84000000 0.03105829
v -0.11591110 2.02000000 0.03105829
v -0.10392305 1.84000000 0.06000000
v -0.10392305 2.02000000 0.06000000
v -0.08485281 1.84000000 0.08485281
v -0.08485281 2.02000000 0.08485281
v -0.06000000 1.84000000 0.10392305
v -0.06000000 2.02000000 0.10392305
v -0.03105829 1.84000000 0.11591110
v -0.03105829 2.02000000 0.11591110
v -0.00000000 1.84000000 0.12000000
v -0.00000000 2.02000000 0.12000000
v 0.03105829 1.84000000 0.11591110
v 0.03105829 2.02000000 0.11591110
v 0.06000000 1.84000000 0.10392305
v 0.06000000 2.02000000 0.10392305
v 0.08485281 1.84000000 0.08485281
v 0.08485281 2.02000000 0.08485281
v 0.10392305 1.84000000 0.06000000
v 0.10392305 2.02000000 0.06000000
v 0.11591110 1.84000000 0.03105829
v 0.11591110 2.02000000 0.03105829
v 0.12000000 1.84000000 0.00000000
v 0.12000000 2.02000000 0.00000000
v 0.11591110 1.84000000 -0.03105829
v 0.11591110 2.02000000 -0.03105829
v 0.10392305 1.84000000 -0.06000000
v 0.10392305 2.02000000 -0.06000000
v 0.08485281 1.84000000 -0.08485281
v 0.08485281 2.02000000 -0.08485281
v 0.06000000 1.84000000 -0.10392305
v 0.06000000 2.02000000 -0.10392305
v 0.03105829 1.84000000 -0.11591110
v 0.03105829 2.02000000 -0.11591110
f 116 115 119
f 116 119 117
f 117 119 120
f 117 120 118
f 119 115 121
f 119 121 120
f 120 121 122
f 120 122 118
f 121 115 123
f 121 123 122
f 122 123 124
f 122 124 118
f 123 115 125
f 123 125 124
f 124 125 126
f 124 126 118
f 125 115 127
f 125 127 126
f 126 127 128
f 126 128 118
f 127 115 129
f 127 129 128
f 128 129 130
f 128 130 118
f 129 115 131
f 129 131 130
f 130 131 132
f 130 132 118
f 131 115 133
f 131 133 132
f 132 133 134
f 132 134 118
f 133 115 135
f 133 135 134
f 134 135 136
f 134 136 118
f 135 115 137
f 135 137 136
f 136 137 138
f 136 138 118
f 137 115 139
f 137 139 138
f 138 139 140
f 138 140 118
f 139 115 141
f 139 141 140
f 140 141 142
f 140 142 118
f 141 115 143
f 141 143 142
f 142 143 144
f 142 144 118
f 143 115 145
f 143 145 144
f 144 145 146
f 144 146 118
f 145 115 147
f 145 147 146
f 146 147 148
f 146 148 118
f 147 115 149
f 147 149 148
f 148 149 150
f 148 150 118
f 149 115 151
f 149 151 150
f 150 151 152
f 150 152 118
f 151 115 153
f 151 153 152
f 152 153 154
f 152 154 118
f 153 115 155
f 153 155 154
f 154 155 156
f 154 156 118
f 155 115 157
f 155 157 156
f 156 157 158
f 156 158 118
f 157 115 159
f 157 159 158
f 158 159 160
f 158 160 118
f 159 115 161
f 159 161 160
f 160 161 162
f 160 162 118
f 161 115 163
f 161 163 162
f 162 163 164
f 162 164 118
f 163 115 116
f 163 116 164
f 164 116 117
f 164 117 118

o Helmet_Main
usemtl AXION_Armor_Blue
v -0.28000000 2.01500000 -0.21000000
v -0.28000000 2.01500000 0.21000000
v -0.28000000 2.46500000 -0.21000000
v -0.28000000 2.46500000 0.21000000
v 0.28000000 2.01500000 -0.21000000
v 0.28000000 2.01500000 0.21000000
v 0.28000000 2.46500000 -0.21000000
v 0.28000000 2.46500000 0.21000000
f 166 168 165
f 169 166 165
f 165 168 167
f 167 169 165
f 166 172 168
f 170 166 169
f 170 172 166
f 168 172 167
f 171 169 167
f 167 172 171
f 171 170 169
f 172 170 171

o Helmet_FaceGuard
usemtl AXION_Armor_Dark
v -0.15000000 2.04500000 -0.27500000
v -0.15000000 2.04500000 0.20500000
v -0.15000000 2.27500000 -0.27500000
v -0.15000000 2.27500000 0.20500000
v 0.31000000 2.04500000 -0.27500000
v 0.31000000 2.04500000 0.20500000
v 0.31000000 2.27500000 -0.27500000
v 0.31000000 2.27500000 0.20500000
f 174 176 173
f 177 174 173
f 173 176 175
f 175 177 173
f 174 180 176
f 178 174 177
f 178 180 174
f 176 180 175
f 179 177 175
f 175 180 179
f 179 178 177
f 180 178 179

o Visor_Cyan
usemtl AXION_Visor
v -0.04000000 2.18250000 -0.31000000
v -0.04000000 2.18250000 0.19000000
v -0.04000000 2.25750000 -0.31000000
v -0.04000000 2.25750000 0.19000000
v 0.30000000 2.18250000 -0.31000000
v 0.30000000 2.18250000 0.19000000
v 0.30000000 2.25750000 -0.31000000
v 0.30000000 2.25750000 0.19000000
f 182 184 181
f 185 182 181
f 181 184 183
f 183 185 181
f 182 188 184
f 186 182 185
f 186 188 182
f 184 188 183
f 187 185 183
f 183 188 187
f 187 186 185
f 188 186 187

o Helmet_Crest
usemtl AXION_Armor_Light
v -0.17000000 2.40000000 -0.11000000
v -0.17000000 2.40000000 0.11000000
v -0.17000000 2.68000000 -0.11000000
v -0.17000000 2.68000000 0.11000000
v 0.01000000 2.40000000 -0.11000000
v 0.01000000 2.40000000 0.11000000
v 0.01000000 2.68000000 -0.11000000
v 0.01000000 2.68000000 0.11000000
f 190 192 189
f 193 190 189
f 189 192 191
f 191 193 189
f 190 196 192
f 194 190 193
f 194 196 190
f 192 196 191
f 195 193 191
f 191 196 195
f 195 194 193
f 196 194 195

o Side_Antenna
usemtl AXION_Armor_Light
v -0.38911617 2.13361768 -0.04000000
v -0.38911617 2.13361768 0.04000000
v -0.24696835 2.57110368 -0.04000000
v -0.24696835 2.57110368 0.04000000
v -0.31303165 2.10889632 -0.04000000
v -0.31303165 2.10889632 0.04000000
v -0.17088383 2.54638232 -0.04000000
v -0.17088383 2.54638232 0.04000000
f 198 200 197
f 201 198 197
f 197 200 199
f 199 201 197
f 198 204 200
f 202 198 201
f 202 204 198
f 200 204 199
f 203 201 199
f 199 204 203
f 203 202 201
f 204 202 203

o Shoulder_Right_Joint
usemtl AXION_Joints
v 0.38536840 1.87311715 0.00000000
v 0.57463160 1.87311715 0.00000000
v 0.38536840 1.56688285 0.00000000
v 0.57463160 1.56688285 0.00000000
v 0.48000000 1.62536840 0.13014957
v 0.48000000 1.81463160 0.13014957
v 0.48000000 1.62536840 -0.13014957
v 0.48000000 1.81463160 -0.13014957
v 0.63311715 1.72000000 -0.08043686
v 0.63311715 1.72000000 0.08043686
v 0.32688285 1.72000000 -0.08043686
v 0.32688285 1.72000000 0.08043686
v 0.48000000 1.90000000 0.00000000
v 0.48000000 1.54000000 0.00000000
v 0.42437694 1.57437694 0.07650000
v 0.53562306 1.57437694 0.07650000
v 0.42437694 1.86562306 0.07650000
v 0.53562306 1.86562306 0.07650000
v 0.48000000 1.72000000 0.15300000
v 0.42437694 1.57437694 -0.07650000
v 0.53562306 1.57437694 -0.07650000
v 0.42437694 1.86562306 -0.07650000
v 0.53562306 1.86562306 -0.07650000
v 0.48000000 1.72000000 -0.15300000
v 0.62562306 1.81000000 -0.04727960
v 0.62562306 1.63000000 -0.04727960
v 0.57000000 1.66437694 -0.12377960
v 0.57000000 1.77562306 -0.12377960
v 0.62562306 1.81000000 0.04727960
v 0.62562306 1.63000000 0.04727960
v 0.57000000 1.66437694 0.12377960
v 0.57000000 1.77562306 0.12377960
v 0.66000000 1.72000000 0.00000000
v 0.33437694 1.81000000 -0.04727960
v 0.33437694 1.63000000 -0.04727960
v 0.39000000 1.66437694 -0.12377960
v 0.39000000 1.77562306 -0.12377960
v 0.33437694 1.81000000 0.04727960
v 0.33437694 1.63000000 0.04727960
v 0.39000000 1.66437694 0.12377960
v 0.39000000 1.77562306 0.12377960
v 0.30000000 1.72000000 0.00000000
v 0.43081202 1.89314890 0.00000000
v 0.52918798 1.89314890 0.00000000
v 0.43081202 1.54685110 0.00000000
v 0.52918798 1.54685110 0.00000000
v 0.40190006 1.56471967 0.03976346
v 0.45108803 1.59511951 0.10741311
v 0.45075723 1.54880983 0.04021843
v 0.55809994 1.56471967 0.03976346
v 0.50891197 1.59511951 0.10741311
v 0.50924277 1.54880983 0.04021843
v 0.48000000 1.56688285 0.08043686
v 0.40190006 1.87528033 0.03976346
v 0.45108803 1.84488049 0.10741311
v 0.45075723 1.89119017 0.04021843
v 0.55809994 1.87528033 0.03976346
v 0.50891197 1.84488049 0.10741311
v 0.50924277 1.89119017 0.04021843
v 0.48000000 1.87311715 0.08043686
v 0.48000000 1.67081202 0.14717657
v 0.48000000 1.76918798 0.14717657
v 0.40190006 1.56471967 -0.03976346
v 0.45108803 1.59511951 -0.10741311
v 0.45075723 1.54880983 -0.04021843
v 0.55809994 1.56471967 -0.03976346
v 0.50891197 1.59511951 -0.10741311
v 0.50924277 1.54880983 -0.04021843
v 0.48000000 1.56688285 -0.08043686
v 0.40190006 1.87528033 -0.03976346
v 0.45108803 1.84488049 -0.10741311
v 0.45075723 1.89119017 -0.04021843
v 0.55809994 1.87528033 -0.03976346
v 0.50891197 1.84488049 -0.10741311
v 0.50924277 1.89119017 -0.04021843
v 0.48000000 1.87311715 -0.08043686
v 0.48000000 1.67081202 -0.14717657
v 0.48000000 1.76918798 -0.14717657
v 0.60488049 1.84636836 -0.02457517
v 0.63528033 1.76678054 -0.06638495
v 0.58580135 1.84387437 -0.06507479
v 0.60488049 1.59363164 -0.02457517
v 0.63528033 1.67321946 -0.06638495
v 0.58580135 1.59612563 -0.06507479
v 0.52678054 1.64190006 -0.13198828
v 0.60636836 1.69108803 -0.10614841
v 0.55655857 1.61419865 -0.10529322
v 0.52731580 1.69075723 -0.14551165
v 0.60387437 1.64344143 -0.08993114
v 0.52678054 1.79809994 -0.13198828
v 0.60636836 1.74891197 -0.10614841
v 0.55655857 1.82580135 -0.10529322
v 0.52731580 1.74924277 -0.14551165
v 0.60387437 1.79655857 -0.08993114
v 0.57463160 1.72000000 -0.13014957
v 0.60488049 1.84636836 0.02457517
v 0.63528033 1.76678054 0.06638495
v 0.58580135 1.84387437 0.06507479
v 0.63311715 1.81463160 0.00000000
v 0.60488049 1.59363164 0.02457517
v 0.63528033 1.67321946 0.06638495
v 0.58580135 1.59612563 0.06507479
v 0.63311715 1.62536840 0.00000000
v 0.52678054 1.64190006 0.13198828
v 0.60636836 1.69108803 0.10614841
v 0.55655857 1.61419865 0.10529322
v 0.52731580 1.69075723 0.14551165
v 0.60387437 1.64344143 0.08993114
v 0.52678054 1.79809994 0.13198828
v 0.60636836 1.74891197 0.10614841
v 0.55655857 1.82580135 0.10529322
v 0.52731580 1.74924277 0.14551165
v 0.60387437 1.79655857 0.08993114
v 0.57463160 1.72000000 0.13014957
v 0.65314890 1.72000000 -0.04180978
v 0.65314890 1.72000000 0.04180978
v 0.65119017 1.76731580 -0.02485636
v 0.65119017 1.67268420 -0.02485636
v 0.65119017 1.76731580 0.02485636
v 0.65119017 1.67268420 0.02485636
v 0.35511951 1.84636836 -0.02457517
v 0.32471967 1.76678054 -0.06638495
v 0.37419865 1.84387437 -0.06507479
v 0.35511951 1.59363164 -0.02457517
v 0.32471967 1.67321946 -0.06638495
v 0.37419865 1.59612563 -0.06507479
v 0.43321946 1.64190006 -0.13198828
v 0.35363164 1.69108803 -0.10614841
v 0.40344143 1.61419865 -0.10529322
v 0.43268420 1.69075723 -0.14551165
v 0.35612563 1.64344143 -0.08993114
v 0.43321946 1.79809994 -0.13198828
v 0.35363164 1.74891197 -0.10614841
v 0.40344143 1.82580135 -0.10529322
v 0.43268420 1.74924277 -0.14551165
v 0.35612563 1.79655857 -0.08993114
v 0.38536840 1.72000000 -0.13014957
v 0.35511951 1.84636836 0.02457517
v 0.32471967 1.76678054 0.06638495
v 0.37419865 1.84387437 0.06507479
v 0.32688285 1.81463160 0.00000000
v 0.35511951 1.59363164 0.02457517
v 0.32471967 1.67321946 0.06638495
v 0.37419865 1.59612563 0.06507479
v 0.32688285 1.62536840 0.00000000
v 0.43321946 1.64190006 0.13198828
v 0.35363164 1.69108803 0.10614841
v 0.40344143 1.61419865 0.10529322
v 0.43268420 1.69075723 0.14551165
v 0.35612563 1.64344143 0.08993114
v 0.43321946 1.79809994 0.13198828
v 0.35363164 1.74891197 0.10614841
v 0.40344143 1.82580135 0.10529322
v 0.43268420 1.74924277 0.14551165
v 0.35612563 1.79655857 0.08993114
v 0.38536840 1.72000000 0.13014957
v 0.30685110 1.72000000 -0.04180978
v 0.30685110 1.72000000 0.04180978
v 0.30880983 1.76731580 -0.02485636
v 0.30880983 1.67268420 -0.02485636
v 0.30880983 1.76731580 0.02485636
v 0.30880983 1.67268420 0.02485636
f 205 342 258
f 342 242 344
f 258 344 221
f 342 344 258
f 242 343 359
f 343 216 356
f 359 356 245
f 343 356 359
f 221 357 259
f 357 245 355
f 259 355 210
f 357 355 259
f 242 359 344
f 359 245 357
f 344 357 221
f 359 357 344
f 205 258 247
f 258 221 260
f 247 260 217
f 258 260 247
f 221 259 264
f 259 210 262
f 264 262 222
f 259 262 264
f 217 263 248
f 263 222 261
f 248 261 206
f 263 261 248
f 221 264 260
f 264 222 263
f 260 263 217
f 264 263 260
f 205 247 274
f 247 217 276
f 274 276 226
f 247 276 274
f 217 248 279
f 248 206 277
f 279 277 227
f 248 277 279
f 226 280 275
f 280 227 278
f 275 278 212
f 280 278 275
f 217 279 276
f 279 227 280
f 276 280 226
f 279 280 276
f 205 274 325
f 274 226 327
f 325 327 238
f 274 327 325
f 226 275 338
f 275 212 336
f 338 336 241
f 275 336 338
f 238 340 326
f 340 241 337
f 326 337 215
f 340 337 326
f 226 338 327
f 338 241 340
f 327 340 238
f 338 340 327
f 205 325 342
f 325 238 345
f 342 345 242
f 325 345 342
f 238 326 363
f 326 215 361
f 363 361 246
f 326 361 363
f 242 365 343
f 365 246 362
f 343 362 216
f 365 362 343
f 238 363 345
f 363 246 365
f 345 365 242
f 363 365 345
f 206 261 300
f 261 222 302
f 300 302 233
f 261 302 300
f 222 262 315
f 262 210 313
f 315 313 236
f 262 313 315
f 233 317 301
f 317 236 314
f 301 314 214
f 317 314 301
f 222 315 302
f 315 236 317
f 302 317 233
f 315 317 302
f 210 355 266
f 355 245 358
f 266 358 223
f 355 358 266
f 245 356 360
f 356 216 351
f 360 351 244
f 356 351 360
f 223 353 265
f 353 244 350
f 265 350 209
f 353 350 265
f 245 360 358
f 360 244 353
f 358 353 223
f 360 353 358
f 216 362 347
f 362 246 366
f 347 366 243
f 362 366 347
f 246 361 364
f 361 215 329
f 364 329 239
f 361 329 364
f 243 349 346
f 349 239 328
f 346 328 207
f 349 328 346
f 246 364 366
f 364 239 349
f 366 349 243
f 364 349 366
f 215 337 332
f 337 241 341
f 332 341 240
f 337 341 332
f 241 336 339
f 336 212 282
f 339 282 228
f 336 282 339
f 240 334 331
f 334 228 281
f 331 281 211
f 334 281 331
f 241 339 341
f 339 228 334
f 341 334 240
f 339 334 341
f 212 278 294
f 278 227 296
f 294 296 232
f 278 296 294
f 227 277 285
f 277 206 283
f 285 283 229
f 277 283 285
f 232 298 295
f 298 229 284
f 295 284 213
f 298 284 295
f 227 285 296
f 285 229 298
f 296 298 232
f 285 298 296
f 208 304 254
f 304 234 306
f 254 306 220
f 304 306 254
f 234 305 312
f 305 214 309
f 312 309 235
f 305 309 312
f 220 310 255
f 310 235 308
f 255 308 209
f 310 308 255
f 234 312 306
f 312 235 310
f 306 310 220
f 312 310 306
f 208 254 250
f 254 220 256
f 250 256 218
f 254 256 250
f 220 255 257
f 255 209 252
f 257 252 219
f 255 252 257
f 218 253 249
f 253 219 251
f 249 251 207
f 253 251 249
f 220 257 256
f 257 219 253
f 256 253 218
f 257 253 256
f 208 250 270
f 250 218 272
f 270 272 225
f 250 272 270
f 218 249 269
f 249 207 267
f 269 267 224
f 249 267 269
f 225 273 271
f 273 224 268
f 271 268 211
f 273 268 271
f 218 269 272
f 269 224 273
f 272 273 225
f 269 273 272
f 208 270 286
f 270 225 288
f 286 288 230
f 270 288 286
f 225 271 291
f 271 211 289
f 291 289 231
f 271 289 291
f 230 293 287
f 293 231 290
f 287 290 213
f 293 290 287
f 225 291 288
f 291 231 293
f 288 293 230
f 291 293 288
f 208 286 304
f 286 230 307
f 304 307 234
f 286 307 304
f 230 287 322
f 287 213 319
f 322 319 237
f 287 319 322
f 234 324 305
f 324 237 320
f 305 320 214
f 324 320 305
f 230 322 307
f 322 237 324
f 307 324 234
f 322 324 307
f 209 308 265
f 308 235 311
f 265 311 223
f 308 311 265
f 235 309 318
f 309 214 314
f 318 314 236
f 309 314 318
f 223 316 266
f 316 236 313
f 266 313 210
f 316 313 266
f 235 318 311
f 318 236 316
f 311 316 223
f 318 316 311
f 207 251 346
f 251 219 348
f 346 348 243
f 251 348 346
f 219 252 352
f 252 209 350
f 352 350 244
f 252 350 352
f 243 354 347
f 354 244 351
f 347 351 216
f 354 351 347
f 219 352 348
f 352 244 354
f 348 354 243
f 352 354 348
f 211 268 331
f 268 224 333
f 331 333 240
f 268 333 331
f 224 267 330
f 267 207 328
f 330 328 239
f 267 328 330
f 240 335 332
f 335 239 329
f 332 329 215
f 335 329 332
f 224 330 333
f 330 239 335
f 333 335 240
f 330 335 333
f 213 290 295
f 290 231 299
f 295 299 232
f 290 299 295
f 231 289 292
f 289 211 281
f 292 281 228
f 289 281 292
f 232 297 294
f 297 228 282
f 294 282 212
f 297 282 294
f 231 292 299
f 292 228 297
f 299 297 232
f 292 297 299
f 214 320 301
f 320 237 323
f 301 323 233
f 320 323 301
f 237 319 321
f 319 213 284
f 321 284 229
f 319 284 321
f 233 303 300
f 303 229 283
f 300 283 206
f 303 283 300
f 237 321 323
f 321 229 303
f 323 303 233
f 321 303 323

o Shoulder_Right_Armor
usemtl AXION_Armor_Light
v 0.38000000 1.58000000 -0.19000000
v 0.38000000 1.58000000 0.19000000
v 0.38000000 1.86000000 -0.19000000
v 0.38000000 1.86000000 0.19000000
v 0.70000000 1.58000000 -0.19000000
v 0.70000000 1.58000000 0.19000000
v 0.70000000 1.86000000 -0.19000000
v 0.70000000 1.86000000 0.19000000
f 368 370 367
f 371 368 367
f 367 370 369
f 369 371 367
f 368 374 370
f 372 368 371
f 372 374 368
f 370 374 369
f 373 371 369
f 369 374 373
f 373 372 371
f 374 372 373

o ArmCannon_Main
usemtl AXION_Armor_Blue
v 0.51000000 1.52000000 0.00000000
v 0.51000000 1.52000000 -0.16000000
v 1.33000000 1.52000000 -0.16000000
v 1.33000000 1.52000000 0.00000000
v 0.51000000 1.55121445 -0.15692564
v 1.33000000 1.55121445 -0.15692564
v 0.51000000 1.58122935 -0.14782073
v 1.33000000 1.58122935 -0.14782073
v 0.51000000 1.60889124 -0.13303514
v 1.33000000 1.60889124 -0.13303514
v 0.51000000 1.63313708 -0.11313708
v 1.33000000 1.63313708 -0.11313708
v 0.51000000 1.65303514 -0.08889124
v 1.33000000 1.65303514 -0.08889124
v 0.51000000 1.66782073 -0.06122935
v 1.33000000 1.66782073 -0.06122935
v 0.51000000 1.67692564 -0.03121445
v 1.33000000 1.67692564 -0.03121445
v 0.51000000 1.68000000 -0.00000000
v 1.33000000 1.68000000 -0.00000000
v 0.51000000 1.67692564 0.03121445
v 1.33000000 1.67692564 0.03121445
v 0.51000000 1.66782073 0.06122935
v 1.33000000 1.66782073 0.06122935
v 0.51000000 1.65303514 0.08889124
v 1.33000000 1.65303514 0.08889124
v 0.51000000 1.63313708 0.11313708
v 1.33000000 1.63313708 0.11313708
v 0.51000000 1.60889124 0.13303514
v 1.33000000 1.60889124 0.13303514
v 0.51000000 1.58122935 0.14782073
v 1.33000000 1.58122935 0.14782073
v 0.51000000 1.55121445 0.15692564
v 1.33000000 1.55121445 0.15692564
v 0.51000000 1.52000000 0.16000000
v 1.33000000 1.52000000 0.16000000
v 0.51000000 1.48878555 0.15692564
v 1.33000000 1.48878555 0.15692564
v 0.51000000 1.45877065 0.14782073
v 1.33000000 1.45877065 0.14782073
v 0.51000000 1.43110876 0.13303514
v 1.33000000 1.43110876 0.13303514
v 0.51000000 1.40686292 0.11313708
v 1.33000000 1.40686292 0.11313708
v 0.51000000 1.38696486 0.08889124
v 1.33000000 1.38696486 0.08889124
v 0.51000000 1.37217927 0.06122935
v 1.33000000 1.37217927 0.06122935
v 0.51000000 1.36307436 0.03121445
v 1.33000000 1.36307436 0.03121445
v 0.51000000 1.36000000 0.00000000
v 1.33000000 1.36000000 0.00000000
v 0.51000000 1.36307436 -0.03121445
v 1.33000000 1.36307436 -0.03121445
v 0.51000000 1.37217927 -0.06122935
v 1.33000000 1.37217927 -0.06122935
v 0.51000000 1.38696486 -0.08889124
v 1.33000000 1.38696486 -0.08889124
v 0.51000000 1.40686292 -0.11313708
v 1.33000000 1.40686292 -0.11313708
v 0.51000000 1.43110876 -0.13303514
v 1.33000000 1.43110876 -0.13303514
v 0.51000000 1.45877065 -0.14782073
v 1.33000000 1.45877065 -0.14782073
v 0.51000000 1.48878555 -0.15692564
v 1.33000000 1.48878555 -0.15692564
f 376 375 379
f 376 379 377
f 377 379 380
f 377 380 378
f 379 375 381
f 379 381 380
f 380 381 382
f 380 382 378
f 381 375 383
f 381 383 382
f 382 383 384
f 382 384 378
f 383 375 385
f 383 385 384
f 384 385 386
f 384 386 378
f 385 375 387
f 385 387 386
f 386 387 388
f 386 388 378
f 387 375 389
f 387 389 388
f 388 389 390
f 388 390 378
f 389 375 391
f 389 391 390
f 390 391 392
f 390 392 378
f 391 375 393
f 391 393 392
f 392 393 394
f 392 394 378
f 393 375 395
f 393 395 394
f 394 395 396
f 394 396 378
f 395 375 397
f 395 397 396
f 396 397 398
f 396 398 378
f 397 375 399
f 397 399 398
f 398 399 400
f 398 400 378
f 399 375 401
f 399 401 400
f 400 401 402
f 400 402 378
f 401 375 403
f 401 403 402
f 402 403 404
f 402 404 378
f 403 375 405
f 403 405 404
f 404 405 406
f 404 406 378
f 405 375 407
f 405 407 406
f 406 407 408
f 406 408 378
f 407 375 409
f 407 409 408
f 408 409 410
f 408 410 378
f 409 375 411
f 409 411 410
f 410 411 412
f 410 412 378
f 411 375 413
f 411 413 412
f 412 413 414
f 412 414 378
f 413 375 415
f 413 415 414
f 414 415 416
f 414 416 378
f 415 375 417
f 415 417 416
f 416 417 418
f 416 418 378
f 417 375 419
f 417 419 418
f 418 419 420
f 418 420 378
f 419 375 421
f 419 421 420
f 420 421 422
f 420 422 378
f 421 375 423
f 421 423 422
f 422 423 424
f 422 424 378
f 423 375 425
f 423 425 424
f 424 425 426
f 424 426 378
f 425 375 427
f 425 427 426
f 426 427 428
f 426 428 378
f 427 375 429
f 427 429 428
f 428 429 430
f 428 430 378
f 429 375 431
f 429 431 430
f 430 431 432
f 430 432 378
f 431 375 433
f 431 433 432
f 432 433 434
f 432 434 378
f 433 375 435
f 433 435 434
f 434 435 436
f 434 436 378
f 435 375 437
f 435 437 436
f 436 437 438
f 436 438 378
f 437 375 439
f 437 439 438
f 438 439 440
f 438 440 378
f 439 375 376
f 439 376 440
f 440 376 377
f 440 377 378

o ArmCannon_Nozzle
usemtl AXION_Armor_Dark
v 1.32000000 1.52000000 0.00000000
v 1.32000000 1.52000000 -0.20000000
v 1.50000000 1.52000000 -0.20000000
v 1.50000000 1.52000000 0.00000000
v 1.32000000 1.55901806 -0.19615706
v 1.50000000 1.55901806 -0.19615706
v 1.32000000 1.59653669 -0.18477591
v 1.50000000 1.59653669 -0.18477591
v 1.32000000 1.63111405 -0.16629392
v 1.50000000 1.63111405 -0.16629392
v 1.32000000 1.66142136 -0.14142136
v 1.50000000 1.66142136 -0.14142136
v 1.32000000 1.68629392 -0.11111405
v 1.50000000 1.68629392 -0.11111405
v 1.32000000 1.70477591 -0.07653669
v 1.50000000 1.70477591 -0.07653669
v 1.32000000 1.71615706 -0.03901806
v 1.50000000 1.71615706 -0.03901806
v 1.32000000 1.72000000 -0.00000000
v 1.50000000 1.72000000 -0.00000000
v 1.32000000 1.71615706 0.03901806
v 1.50000000 1.71615706 0.03901806
v 1.32000000 1.70477591 0.07653669
v 1.50000000 1.70477591 0.07653669
v 1.32000000 1.68629392 0.11111405
v 1.50000000 1.68629392 0.11111405
v 1.32000000 1.66142136 0.14142136
v 1.50000000 1.66142136 0.14142136
v 1.32000000 1.63111405 0.16629392
v 1.50000000 1.63111405 0.16629392
v 1.32000000 1.59653669 0.18477591
v 1.50000000 1.59653669 0.18477591
v 1.32000000 1.55901806 0.19615706
v 1.50000000 1.55901806 0.19615706
v 1.32000000 1.52000000 0.20000000
v 1.50000000 1.52000000 0.20000000
v 1.32000000 1.48098194 0.19615706
v 1.50000000 1.48098194 0.19615706
v 1.32000000 1.44346331 0.18477591
v 1.50000000 1.44346331 0.18477591
v 1.32000000 1.40888595 0.16629392
v 1.50000000 1.40888595 0.16629392
v 1.32000000 1.37857864 0.14142136
v 1.50000000 1.37857864 0.14142136
v 1.32000000 1.35370608 0.11111405
v 1.50000000 1.35370608 0.11111405
v 1.32000000 1.33522409 0.07653669
v 1.50000000 1.33522409 0.07653669
v 1.32000000 1.32384294 0.03901806
v 1.50000000 1.32384294 0.03901806
v 1.32000000 1.32000000 0.00000000
v 1.50000000 1.32000000 0.00000000
v 1.32000000 1.32384294 -0.03901806
v 1.50000000 1.32384294 -0.03901806
v 1.32000000 1.33522409 -0.07653669
v 1.50000000 1.33522409 -0.07653669
v 1.32000000 1.35370608 -0.11111405
v 1.50000000 1.35370608 -0.11111405
v 1.32000000 1.37857864 -0.14142136
v 1.50000000 1.37857864 -0.14142136
v 1.32000000 1.40888595 -0.16629392
v 1.50000000 1.40888595 -0.16629392
v 1.32000000 1.44346331 -0.18477591
v 1.50000000 1.44346331 -0.18477591
v 1.32000000 1.48098194 -0.19615706
v 1.50000000 1.48098194 -0.19615706
f 442 441 445
f 442 445 443
f 443 445 446
f 443 446 444
f 445 441 447
f 445 447 446
f 446 447 448
f 446 448 444
f 447 441 449
f 447 449 448
f 448 449 450
f 448 450 444
f 449 441 451
f 449 451 450
f 450 451 452
f 450 452 444
f 451 441 453
f 451 453 452
f 452 453 454
f 452 454 444
f 453 441 455
f 453 455 454
f 454 455 456
f 454 456 444
f 455 441 457
f 455 457 456
f 456 457 458
f 456 458 444
f 457 441 459
f 457 459 458
f 458 459 460
f 458 460 444
f 459 441 461
f 459 461 460
f 460 461 462
f 460 462 444
f 461 441 463
f 461 463 462
f 462 463 464
f 462 464 444
f 463 441 465
f 463 465 464
f 464 465 466
f 464 466 444
f 465 441 467
f 465 467 466
f 466 467 468
f 466 468 444
f 467 441 469
f 467 469 468
f 468 469 470
f 468 470 444
f 469 441 471
f 469 471 470
f 470 471 472
f 470 472 444
f 471 441 473
f 471 473 472
f 472 473 474
f 472 474 444
f 473 441 475
f 473 475 474
f 474 475 476
f 474 476 444
f 475 441 477
f 475 477 476
f 476 477 478
f 476 478 444
f 477 441 479
f 477 479 478
f 478 479 480
f 478 480 444
f 479 441 481
f 479 481 480
f 480 481 482
f 480 482 444
f 481 441 483
f 481 483 482
f 482 483 484
f 482 484 444
f 483 441 485
f 483 485 484
f 484 485 486
f 484 486 444
f 485 441 487
f 485 487 486
f 486 487 488
f 486 488 444
f 487 441 489
f 487 489 488
f 488 489 490
f 488 490 444
f 489 441 491
f 489 491 490
f 490 491 492
f 490 492 444
f 491 441 493
f 491 493 492
f 492 493 494
f 492 494 444
f 493 441 495
f 493 495 494
f 494 495 496
f 494 496 444
f 495 441 497
f 495 497 496
f 496 497 498
f 496 498 444
f 497 441 499
f 497 499 498
f 498 499 500
f 498 500 444
f 499 441 501
f 499 501 500
f 500 501 502
f 500 502 444
f 501 441 503
f 501 503 502
f 502 503 504
f 502 504 444
f 503 441 505
f 503 505 504
f 504 505 506
f 504 506 444
f 505 441 442
f 505 442 506
f 506 442 443
f 506 443 444

o ArmCannon_Energy_Core
usemtl AXION_Energy_Cyan
v 1.40250000 1.52000000 0.00000000
v 1.40250000 1.52000000 -0.09000000
v 1.60750000 1.52000000 -0.09000000
v 1.60750000 1.52000000 0.00000000
v 1.40250000 1.53755813 -0.08827068
v 1.60750000 1.53755813 -0.08827068
v 1.40250000 1.55444151 -0.08314916
v 1.60750000 1.55444151 -0.08314916
v 1.40250000 1.57000132 -0.07483227
v 1.60750000 1.57000132 -0.07483227
v 1.40250000 1.58363961 -0.06363961
v 1.60750000 1.58363961 -0.06363961
v 1.40250000 1.59483227 -0.05000132
v 1.60750000 1.59483227 -0.05000132
v 1.40250000 1.60314916 -0.03444151
v 1.60750000 1.60314916 -0.03444151
v 1.40250000 1.60827068 -0.01755813
v 1.60750000 1.60827068 -0.01755813
v 1.40250000 1.61000000 -0.00000000
v 1.60750000 1.61000000 -0.00000000
v 1.40250000 1.60827068 0.01755813
v 1.60750000 1.60827068 0.01755813
v 1.40250000 1.60314916 0.03444151
v 1.60750000 1.60314916 0.03444151
v 1.40250000 1.59483227 0.05000132
v 1.60750000 1.59483227 0.05000132
v 1.40250000 1.58363961 0.06363961
v 1.60750000 1.58363961 0.06363961
v 1.40250000 1.57000132 0.07483227
v 1.60750000 1.57000132 0.07483227
v 1.40250000 1.55444151 0.08314916
v 1.60750000 1.55444151 0.08314916
v 1.40250000 1.53755813 0.08827068
v 1.60750000 1.53755813 0.08827068
v 1.40250000 1.52000000 0.09000000
v 1.60750000 1.52000000 0.09000000
v 1.40250000 1.50244187 0.08827068
v 1.60750000 1.50244187 0.08827068
v 1.40250000 1.48555849 0.08314916
v 1.60750000 1.48555849 0.08314916
v 1.40250000 1.46999868 0.07483227
v 1.60750000 1.46999868 0.07483227
v 1.40250000 1.45636039 0.06363961
v 1.60750000 1.45636039 0.06363961
v 1.40250000 1.44516773 0.05000132
v 1.60750000 1.44516773 0.05000132
v 1.40250000 1.43685084 0.03444151
v 1.60750000 1.43685084 0.03444151
v 1.40250000 1.43172932 0.01755813
v 1.60750000 1.43172932 0.01755813
v 1.40250000 1.43000000 0.00000000
v 1.60750000 1.43000000 0.00000000
v 1.40250000 1.43172932 -0.01755813
v 1.60750000 1.43172932 -0.01755813
v 1.40250000 1.43685084 -0.03444151
v 1.60750000 1.43685084 -0.03444151
v 1.40250000 1.44516773 -0.05000132
v 1.60750000 1.44516773 -0.05000132
v 1.40250000 1.45636039 -0.06363961
v 1.60750000 1.45636039 -0.06363961
v 1.40250000 1.46999868 -0.07483227
v 1.60750000 1.46999868 -0.07483227
v 1.40250000 1.48555849 -0.08314916
v 1.60750000 1.48555849 -0.08314916
v 1.40250000 1.50244187 -0.08827068
v 1.60750000 1.50244187 -0.08827068
f 508 507 511
f 508 511 509
f 509 511 512
f 509 512 510
f 511 507 513
f 511 513 512
f 512 513 514
f 512 514 510
f 513 507 515
f 513 515 514
f 514 515 516
f 514 516 510
f 515 507 517
f 515 517 516
f 516 517 518
f 516 518 510
f 517 507 519
f 517 519 518
f 518 519 520
f 518 520 510
f 519 507 521
f 519 521 520
f 520 521 522
f 520 522 510
f 521 507 523
f 521 523 522
f 522 523 524
f 522 524 510
f 523 507 525
f 523 525 524
f 524 525 526
f 524 526 510
f 525 507 527
f 525 527 526
f 526 527 528
f 526 528 510
f 527 507 529
f 527 529 528
f 528 529 530
f 528 530 510
f 529 507 531
f 529 531 530
f 530 531 532
f 530 532 510
f 531 507 533
f 531 533 532
f 532 533 534
f 532 534 510
f 533 507 535
f 533 535 534
f 534 535 536
f 534 536 510
f 535 507 537
f 535 537 536
f 536 537 538
f 536 538 510
f 537 507 539
f 537 539 538
f 538 539 540
f 538 540 510
f 539 507 541
f 539 541 540
f 540 541 542
f 540 542 510
f 541 507 543
f 541 543 542
f 542 543 544
f 542 544 510
f 543 507 545
f 543 545 544
f 544 545 546
f 544 546 510
f 545 507 547
f 545 547 546
f 546 547 548
f 546 548 510
f 547 507 549
f 547 549 548
f 548 549 550
f 548 550 510
f 549 507 551
f 549 551 550
f 550 551 552
f 550 552 510
f 551 507 553
f 551 553 552
f 552 553 554
f 552 554 510
f 553 507 555
f 553 555 554
f 554 555 556
f 554 556 510
f 555 507 557
f 555 557 556
f 556 557 558
f 556 558 510
f 557 507 559
f 557 559 558
f 558 559 560
f 558 560 510
f 559 507 561
f 559 561 560
f 560 561 562
f 560 562 510
f 561 507 563
f 561 563 562
f 562 563 564
f 562 564 510
f 563 507 565
f 563 565 564
f 564 565 566
f 564 566 510
f 565 507 567
f 565 567 566
f 566 567 568
f 566 568 510
f 567 507 569
f 567 569 568
f 568 569 570
f 568 570 510
f 569 507 571
f 569 571 570
f 570 571 572
f 570 572 510
f 571 507 508
f 571 508 572
f 572 508 509
f 572 509 510

o ArmCannon_Top_Rail
usemtl AXION_Energy_Cyan
v 0.68500000 1.67250000 -0.05500000
v 0.68500000 1.67250000 0.05500000
v 0.68500000 1.72750000 -0.05500000
v 0.68500000 1.72750000 0.05500000
v 1.23500000 1.67250000 -0.05500000
v 1.23500000 1.67250000 0.05500000
v 1.23500000 1.72750000 -0.05500000
v 1.23500000 1.72750000 0.05500000
f 574 576 573
f 577 574 573
f 573 576 575
f 575 577 573
f 574 580 576
f 578 574 577
f 578 580 574
f 576 580 575
f 579 577 575
f 575 580 579
f 579 578 577
f 580 578 579

o Shoulder_Left_Joint
usemtl AXION_Joints
v -0.53411698 1.83610413 0.00000000
v -0.36588302 1.83610413 0.00000000
v -0.53411698 1.56389587 0.00000000
v -0.36588302 1.56389587 0.00000000
v -0.45000000 1.61588302 0.11568851
v -0.45000000 1.78411698 0.11568851
v -0.45000000 1.61588302 -0.11568851
v -0.45000000 1.78411698 -0.11568851
v -0.31389587 1.70000000 -0.07149943
v -0.31389587 1.70000000 0.07149943
v -0.58610413 1.70000000 -0.07149943
v -0.58610413 1.70000000 0.07149943
v -0.45000000 1.86000000 0.00000000
v -0.45000000 1.54000000 0.00000000
v -0.49944272 1.57055728 0.06800000
v -0.40055728 1.57055728 0.06800000
v -0.49944272 1.82944272 0.06800000
v -0.40055728 1.82944272 0.06800000
v -0.45000000 1.70000000 0.13600000
v -0.49944272 1.57055728 -0.06800000
v -0.40055728 1.57055728 -0.06800000
v -0.49944272 1.82944272 -0.06800000
v -0.40055728 1.82944272 -0.06800000
v -0.45000000 1.70000000 -0.13600000
v -0.32055728 1.78000000 -0.04202631
v -0.32055728 1.62000000 -0.04202631
v -0.37000000 1.65055728 -0.11002631
v -0.37000000 1.74944272 -0.11002631
v -0.32055728 1.78000000 0.04202631
v -0.32055728 1.62000000 0.04202631
v -0.37000000 1.65055728 0.11002631
v -0.37000000 1.74944272 0.11002631
v -0.29000000 1.70000000 0.00000000
v -0.57944272 1.78000000 -0.04202631
v -0.57944272 1.62000000 -0.04202631
v -0.53000000 1.65055728 -0.11002631
v -0.53000000 1.74944272 -0.11002631
v -0.57944272 1.78000000 0.04202631
v -0.57944272 1.62000000 0.04202631
v -0.53000000 1.65055728 0.11002631
v -0.53000000 1.74944272 0.11002631
v -0.61000000 1.70000000 0.00000000
v -0.49372264 1.85391014 0.00000000
v -0.40627736 1.85391014 0.00000000
v -0.49372264 1.54608986 0.00000000
v -0.40627736 1.54608986 0.00000000
v -0.51942217 1.56197304 0.03534530
v -0.47569953 1.58899512 0.09547832
v -0.47599358 1.54783096 0.03574972
v -0.38057783 1.56197304 0.03534530
v -0.42430047 1.58899512 0.09547832
v -0.42400642 1.54783096 0.03574972
v -0.45000000 1.56389587 0.07149943
v -0.51942217 1.83802696 0.03534530
v -0.47569953 1.81100488 0.09547832
v -0.47599358 1.85216904 0.03574972
v -0.38057783 1.83802696 0.03534530
v -0.42430047 1.81100488 0.09547832
v -0.42400642 1.85216904 0.03574972
v -0.45000000 1.83610413 0.07149943
v -0.45000000 1.65627736 0.13082362
v -0.45000000 1.74372264 0.13082362
v -0.51942217 1.56197304 -0.03534530
v -0.47569953 1.58899512 -0.09547832
v -0.47599358 1.54783096 -0.03574972
v -0.38057783 1.56197304 -0.03534530
v -0.42430047 1.58899512 -0.09547832
v -0.42400642 1.54783096 -0.03574972
v -0.45000000 1.56389587 -0.07149943
v -0.51942217 1.83802696 -0.03534530
v -0.47569953 1.81100488 -0.09547832
v -0.47599358 1.85216904 -0.03574972
v -0.38057783 1.83802696 -0.03534530
v -0.42430047 1.81100488 -0.09547832
v -0.42400642 1.85216904 -0.03574972
v -0.45000000 1.83610413 -0.07149943
v -0.45000000 1.65627736 -0.13082362
v -0.45000000 1.74372264 -0.13082362
v -0.33899512 1.81232743 -0.02184460
v -0.31197304 1.74158271 -0.05900884
v -0.35595436 1.81011055 -0.05784425
v -0.33899512 1.58767257 -0.02184460
v -0.31197304 1.65841729 -0.05900884
v -0.35595436 1.58988945 -0.05784425
v -0.40841729 1.63057783 -0.11732291
v -0.33767257 1.67430047 -0.09435414
v -0.38194794 1.60595436 -0.09359397
v -0.40794151 1.67400642 -0.12934369
v -0.33988945 1.63194794 -0.07993879
v -0.40841729 1.76942217 -0.11732291
v -0.33767257 1.72569953 -0.09435414
v -0.38194794 1.79404564 -0.09359397
v -0.40794151 1.72599358 -0.12934369
v -0.33988945 1.76805206 -0.07993879
v -0.36588302 1.70000000 -0.11568851
v -0.33899512 1.81232743 0.02184460
v -0.31197304 1.74158271 0.05900884
v -0.35595436 1.81011055 0.05784425
v -0.31389587 1.78411698 0.00000000
v -0.33899512 1.58767257 0.02184460
v -0.31197304 1.65841729 0.05900884
v -0.35595436 1.58988945 0.05784425
v -0.31389587 1.61588302 0.00000000
v -0.40841729 1.63057783 0.11732291
v -0.33767257 1.67430047 0.09435414
v -0.38194794 1.60595436 0.09359397
v -0.40794151 1.67400642 0.12934369
v -0.33988945 1.63194794 0.07993879
v -0.40841729 1.76942217 0.11732291
v -0.33767257 1.72569953 0.09435414
v -0.38194794 1.79404564 0.09359397
v -0.40794151 1.72599358 0.12934369
v -0.33988945 1.76805206 0.07993879
v -0.36588302 1.70000000 0.11568851
v -0.29608986 1.70000000 -0.03716425
v -0.29608986 1.70000000 0.03716425
v -0.29783096 1.74205849 -0.02209454
v -0.29783096 1.65794151 -0.02209454
v -0.29783096 1.74205849 0.02209454
v -0.29783096 1.65794151 0.02209454
v -0.56100488 1.81232743 -0.02184460
v -0.58802696 1.74158271 -0.05900884
v -0.54404564 1.81011055 -0.05784425
v -0.56100488 1.58767257 -0.02184460
v -0.58802696 1.65841729 -0.05900884
v -0.54404564 1.58988945 -0.05784425
v -0.49158271 1.63057783 -0.11732291
v -0.56232743 1.67430047 -0.09435414
v -0.51805206 1.60595436 -0.09359397
v -0.49205849 1.67400642 -0.12934369
v -0.56011055 1.63194794 -0.07993879
v -0.49158271 1.76942217 -0.11732291
v -0.56232743 1.72569953 -0.09435414
v -0.51805206 1.79404564 -0.09359397
v -0.49205849 1.72599358 -0.12934369
v -0.56011055 1.76805206 -0.07993879
v -0.53411698 1.70000000 -0.11568851
v -0.56100488 1.81232743 0.02184460
v -0.58802696 1.74158271 0.05900884
v -0.54404564 1.81011055 0.05784425
v -0.58610413 1.78411698 0.00000000
v -0.56100488 1.58767257 0.02184460
v -0.58802696 1.65841729 0.05900884
v -0.54404564 1.58988945 0.05784425
v -0.58610413 1.61588302 0.00000000
v -0.49158271 1.63057783 0.11732291
v -0.56232743 1.67430047 0.09435414
v -0.51805206 1.60595436 0.09359397
v -0.49205849 1.67400642 0.12934369
v -0.56011055 1.63194794 0.07993879
v -0.49158271 1.76942217 0.11732291
v -0.56232743 1.72569953 0.09435414
v -0.51805206 1.79404564 0.09359397
v -0.49205849 1.72599358 0.12934369
v -0.56011055 1.76805206 0.07993879
v -0.53411698 1.70000000 0.11568851
v -0.60391014 1.70000000 -0.03716425
v -0.60391014 1.70000000 0.03716425
v -0.60216904 1.74205849 -0.02209454
v -0.60216904 1.65794151 -0.02209454
v -0.60216904 1.74205849 0.02209454
v -0.60216904 1.65794151 0.02209454
f 581 718 634
f 718 618 720
f 634 720 597
f 718 720 634
f 618 719 735
f 719 592 732
f 735 732 621
f 719 732 735
f 597 733 635
f 733 621 731
f 635 731 586
f 733 731 635
f 618 735 720
f 735 621 733
f 720 733 597
f 735 733 720
f 581 634 623
f 634 597 636
f 623 636 593
f 634 636 623
f 597 635 640
f 635 586 638
f 640 638 598
f 635 638 640
f 593 639 624
f 639 598 637
f 624 637 582
f 639 637 624
f 597 640 636
f 640 598 639
f 636 639 593
f 640 639 636
f 581 623 650
f 623 593 652
f 650 652 602
f 623 652 650
f 593 624 655
f 624 582 653
f 655 653 603
f 624 653 655
f 602 656 651
f 656 603 654
f 651 654 588
f 656 654 651
f 593 655 652
f 655 603 656
f 652 656 602
f 655 656 652
f 581 650 701
f 650 602 703
f 701 703 614
f 650 703 701
f 602 651 714
f 651 588 712
f 714 712 617
f 651 712 714
f 614 716 702
f 716 617 713
f 702 713 591
f 716 713 702
f 602 714 703
f 714 617 716
f 703 716 614
f 714 716 703
f 581 701 718
f 701 614 721
f 718 721 618
f 701 721 718
f 614 702 739
f 702 591 737
f 739 737 622
f 702 737 739
f 618 741 719
f 741 622 738
f 719 738 592
f 741 738 719
f 614 739 721
f 739 622 741
f 721 741 618
f 739 741 721
f 582 637 676
f 637 598 678
f 676 678 609
f 637 678 676
f 598 638 691
f 638 586 689
f 691 689 612
f 638 689 691
f 609 693 677
f 693 612 690
f 677 690 590
f 693 690 677
f 598 691 678
f 691 612 693
f 678 693 609
f 691 693 678
f 586 731 642
f 731 621 734
f 642 734 599
f 731 734 642
f 621 732 736
f 732 592 727
f 736 727 620
f 732 727 736
f 599 729 641
f 729 620 726
f 641 726 585
f 729 726 641
f 621 736 734
f 736 620 729
f 734 729 599
f 736 729 734
f 592 738 723
f 738 622 742
f 723 742 619
f 738 742 723
f 622 737 740
f 737 591 705
f 740 705 615
f 737 705 740
f 619 725 722
f 725 615 704
f 722 704 583
f 725 704 722
f 622 740 742
f 740 615 725
f 742 725 619
f 740 725 742
f 591 713 708
f 713 617 717
f 708 717 616
f 713 717 708
f 617 712 715
f 712 588 658
f 715 658 604
f 712 658 715
f 616 710 707
f 710 604 657
f 707 657 587
f 710 657 707
f 617 715 717
f 715 604 710
f 717 710 616
f 715 710 717
f 588 654 670
f 654 603 672
f 670 672 608
f 654 672 670
f 603 653 661
f 653 582 659
f 661 659 605
f 653 659 661
f 608 674 671
f 674 605 660
f 671 660 589
f 674 660 671
f 603 661 672
f 661 605 674
f 672 674 608
f 661 674 672
f 584 680 630
f 680 610 682
f 630 682 596
f 680 682 630
f 610 681 688
f 681 590 685
f 688 685 611
f 681 685 688
f 596 686 631
f 686 611 684
f 631 684 585
f 686 684 631
f 610 688 682
f 688 611 686
f 682 686 596
f 688 686 682
f 584 630 626
f 630 596 632
f 626 632 594
f 630 632 626
f 596 631 633
f 631 585 628
f 633 628 595
f 631 628 633
f 594 629 625
f 629 595 627
f 625 627 583
f 629 627 625
f 596 633 632
f 633 595 629
f 632 629 594
f 633 629 632
f 584 626 646
f 626 594 648
f 646 648 601
f 626 648 646
f 594 625 645
f 625 583 643
f 645 643 600
f 625 643 645
f 601 649 647
f 649 600 644
f 647 644 587
f 649 644 647
f 594 645 648
f 645 600 649
f 648 649 601
f 645 649 648
f 584 646 662
f 646 601 664
f 662 664 606
f 646 664 662
f 601 647 667
f 647 587 665
f 667 665 607
f 647 665 667
f 606 669 663
f 669 607 666
f 663 666 589
f 669 666 663
f 601 667 664
f 667 607 669
f 664 669 606
f 667 669 664
f 584 662 680
f 662 606 683
f 680 683 610
f 662 683 680
f 606 663 698
f 663 589 695
f 698 695 613
f 663 695 698
f 610 700 681
f 700 613 696
f 681 696 590
f 700 696 681
f 606 698 683
f 698 613 700
f 683 700 610
f 698 700 683
f 585 684 641
f 684 611 687
f 641 687 599
f 684 687 641
f 611 685 694
f 685 590 690
f 694 690 612
f 685 690 694
f 599 692 642
f 692 612 689
f 642 689 586
f 692 689 642
f 611 694 687
f 694 612 692
f 687 692 599
f 694 692 687
f 583 627 722
f 627 595 724
f 722 724 619
f 627 724 722
f 595 628 728
f 628 585 726
f 728 726 620
f 628 726 728
f 619 730 723
f 730 620 727
f 723 727 592
f 730 727 723
f 595 728 724
f 728 620 730
f 724 730 619
f 728 730 724
f 587 644 707
f 644 600 709
f 707 709 616
f 644 709 707
f 600 643 706
f 643 583 704
f 706 704 615
f 643 704 706
f 616 711 708
f 711 615 705
f 708 705 591
f 711 705 708
f 600 706 709
f 706 615 711
f 709 711 616
f 706 711 709
f 589 666 671
f 666 607 675
f 671 675 608
f 666 675 671
f 607 665 668
f 665 587 657
f 668 657 604
f 665 657 668
f 608 673 670
f 673 604 658
f 670 658 588
f 673 658 670
f 607 668 675
f 668 604 673
f 675 673 608
f 668 673 675
f 590 696 677
f 696 613 699
f 677 699 609
f 696 699 677
f 613 695 697
f 695 589 660
f 697 660 605
f 695 660 697
f 609 679 676
f 679 605 659
f 676 659 582
f 679 659 676
f 613 697 699
f 697 605 679
f 699 679 609
f 697 679 699

o UpperArm_Left
usemtl AXION_Armor_Blue
v -0.68826793 1.17259552 -0.12000000
v -0.68826793 1.17259552 0.12000000
v -0.60838977 1.62560708 -0.12000000
v -0.60838977 1.62560708 0.12000000
v -0.47161023 1.13439292 -0.12000000
v -0.47161023 1.13439292 0.12000000
v -0.39173207 1.58740448 -0.12000000
v -0.39173207 1.58740448 0.12000000
f 744 746 743
f 747 744 743
f 743 746 745
f 745 747 743
f 744 750 746
f 748 744 747
f 748 750 744
f 746 750 745
f 749 747 745
f 745 750 749
f 749 748 747
f 750 748 749

o Elbow_Left_Joint
usemtl AXION_Joints
v -0.63783042 1.21357159 0.00000000
v -0.52216958 1.21357159 0.00000000
v -0.63783042 1.02642841 0.00000000
v -0.52216958 1.02642841 0.00000000
v -0.58000000 1.06216958 0.09357159
v -0.58000000 1.17783042 0.09357159
v -0.58000000 1.06216958 -0.09357159
v -0.58000000 1.17783042 -0.09357159
v -0.48642841 1.12000000 -0.05783042
v -0.48642841 1.12000000 0.05783042
v -0.67357159 1.12000000 -0.05783042
v -0.67357159 1.12000000 0.05783042
v -0.58000000 1.23000000 0.00000000
v -0.58000000 1.01000000 0.00000000
v -0.61399187 1.03100813 0.05500000
v -0.54600813 1.03100813 0.05500000
v -0.61399187 1.20899187 0.05500000
v -0.54600813 1.20899187 0.05500000
v -0.58000000 1.12000000 0.11000000
v -0.61399187 1.03100813 -0.05500000
v -0.54600813 1.03100813 -0.05500000
v -0.61399187 1.20899187 -0.05500000
v -0.54600813 1.20899187 -0.05500000
v -0.58000000 1.12000000 -0.11000000
v -0.49100813 1.17500000 -0.03399187
v -0.49100813 1.06500000 -0.03399187
v -0.52500000 1.08600813 -0.08899187
v -0.52500000 1.15399187 -0.08899187
v -0.49100813 1.17500000 0.03399187
v -0.49100813 1.06500000 0.03399187
v -0.52500000 1.08600813 0.08899187
v -0.52500000 1.15399187 0.08899187
v -0.47000000 1.12000000 0.00000000
v -0.66899187 1.17500000 -0.03399187
v -0.66899187 1.06500000 -0.03399187
v -0.63500000 1.08600813 -0.08899187
v -0.63500000 1.15399187 -0.08899187
v -0.66899187 1.17500000 0.03399187
v -0.66899187 1.06500000 0.03399187
v -0.63500000 1.08600813 0.08899187
v -0.63500000 1.15399187 0.08899187
v -0.69000000 1.12000000 0.00000000
v -0.61005932 1.22581322 0.00000000
v -0.54994068 1.22581322 0.00000000
v -0.61005932 1.01418678 0.00000000
v -0.54994068 1.01418678 0.00000000
v -0.62772774 1.02510647 0.02858811
v -0.59766842 1.04368415 0.07722511
v -0.59787058 1.01538378 0.02891521
v -0.53227226 1.02510647 0.02858811
v -0.56233158 1.04368415 0.07722511
v -0.56212942 1.01538378 0.02891521
v -0.58000000 1.02642841 0.05783042
v -0.62772774 1.21489353 0.02858811
v -0.59766842 1.19631585 0.07722511
v -0.59787058 1.22461622 0.02891521
v -0.53227226 1.21489353 0.02858811
v -0.56233158 1.19631585 0.07722511
v -0.56212942 1.22461622 0.02891521
v -0.58000000 1.21357159 0.05783042
v -0.58000000 1.08994068 0.10581322
v -0.58000000 1.15005932 0.10581322
v -0.62772774 1.02510647 -0.02858811
v -0.59766842 1.04368415 -0.07722511
v -0.59787058 1.01538378 -0.02891521
v -0.53227226 1.02510647 -0.02858811
v -0.56233158 1.04368415 -0.07722511
v -0.56212942 1.01538378 -0.02891521
v -0.58000000 1.02642841 -0.05783042
v -0.62772774 1.21489353 -0.02858811
v -0.59766842 1.19631585 -0.07722511
v -0.59787058 1.22461622 -0.02891521
v -0.53227226 1.21489353 -0.02858811
v -0.56233158 1.19631585 -0.07722511
v -0.56212942 1.22461622 -0.02891521
v -0.58000000 1.21357159 -0.05783042
v -0.58000000 1.08994068 -0.10581322
v -0.58000000 1.15005932 -0.10581322
v -0.50368415 1.19722511 -0.01766842
v -0.48510647 1.14858811 -0.04772774
v -0.51534362 1.19570101 -0.04678579
v -0.50368415 1.04277489 -0.01766842
v -0.48510647 1.09141189 -0.04772774
v -0.51534362 1.04429899 -0.04678579
v -0.55141189 1.07227226 -0.09489353
v -0.50277489 1.10233158 -0.07631585
v -0.53321421 1.05534362 -0.07570101
v -0.55108479 1.10212942 -0.10461622
v -0.50429899 1.07321421 -0.06465638
v -0.55141189 1.16772774 -0.09489353
v -0.50277489 1.13766842 -0.07631585
v -0.53321421 1.18465638 -0.07570101
v -0.55108479 1.13787058 -0.10461622
v -0.50429899 1.16678579 -0.06465638
v -0.52216958 1.12000000 -0.09357159
v -0.50368415 1.19722511 0.01766842
v -0.48510647 1.14858811 0.04772774
v -0.51534362 1.19570101 0.04678579
v -0.48642841 1.17783042 0.00000000
v -0.50368415 1.04277489 0.01766842
v -0.48510647 1.09141189 0.04772774
v -0.51534362 1.04429899 0.04678579
v -0.48642841 1.06216958 0.00000000
v -0.55141189 1.07227226 0.09489353
v -0.50277489 1.10233158 0.07631585
v -0.53321421 1.05534362 0.07570101
v -0.55108479 1.10212942 0.10461622
v -0.50429899 1.07321421 0.06465638
v -0.55141189 1.16772774 0.09489353
v -0.50277489 1.13766842 0.07631585
v -0.53321421 1.18465638 0.07570101
v -0.55108479 1.13787058 0.10461622
v -0.50429899 1.16678579 0.06465638
v -0.52216958 1.12000000 0.09357159
v -0.47418678 1.12000000 -0.03005932
v -0.47418678 1.12000000 0.03005932
v -0.47538378 1.14891521 -0.01787058
v -0.47538378 1.09108479 -0.01787058
v -0.47538378 1.14891521 0.01787058
v -0.47538378 1.09108479 0.01787058
v -0.65631585 1.19722511 -0.01766842
v -0.67489353 1.14858811 -0.04772774
v -0.64465638 1.19570101 -0.04678579
v -0.65631585 1.04277489 -0.01766842
v -0.67489353 1.09141189 -0.04772774
v -0.64465638 1.04429899 -0.04678579
v -0.60858811 1.07227226 -0.09489353
v -0.65722511 1.10233158 -0.07631585
v -0.62678579 1.05534362 -0.07570101
v -0.60891521 1.10212942 -0.10461622
v -0.65570101 1.07321421 -0.06465638
v -0.60858811 1.16772774 -0.09489353
v -0.65722511 1.13766842 -0.07631585
v -0.62678579 1.18465638 -0.07570101
v -0.60891521 1.13787058 -0.10461622
v -0.65570101 1.16678579 -0.06465638
v -0.63783042 1.12000000 -0.09357159
v -0.65631585 1.19722511 0.01766842
v -0.67489353 1.14858811 0.04772774
v -0.64465638 1.19570101 0.04678579
v -0.67357159 1.17783042 0.00000000
v -0.65631585 1.04277489 0.01766842
v -0.67489353 1.09141189 0.04772774
v -0.64465638 1.04429899 0.04678579
v -0.67357159 1.06216958 0.00000000
v -0.60858811 1.07227226 0.09489353
v -0.65722511 1.10233158 0.07631585
v -0.62678579 1.05534362 0.07570101
v -0.60891521 1.10212942 0.10461622
v -0.65570101 1.07321421 0.06465638
v -0.60858811 1.16772774 0.09489353
v -0.65722511 1.13766842 0.07631585
v -0.62678579 1.18465638 0.07570101
v -0.60891521 1.13787058 0.10461622
v -0.65570101 1.16678579 0.06465638
v -0.63783042 1.12000000 0.09357159
v -0.68581322 1.12000000 -0.03005932
v -0.68581322 1.12000000 0.03005932
v -0.68461622 1.14891521 -0.01787058
v -0.68461622 1.09108479 -0.01787058
v -0.68461622 1.14891521 0.01787058
v -0.68461622 1.09108479 0.01787058
f 751 888 804
f 888 788 890
f 804 890 767
f 888 890 804
f 788 889 905
f 889 762 902
f 905 902 791
f 889 902 905
f 767 903 805
f 903 791 901
f 805 901 756
f 903 901 805
f 788 905 890
f 905 791 903
f 890 903 767
f 905 903 890
f 751 804 793
f 804 767 806
f 793 806 763
f 804 806 793
f 767 805 810
f 805 756 808
f 810 808 768
f 805 808 810
f 763 809 794
f 809 768 807
f 794 807 752
f 809 807 794
f 767 810 806
f 810 768 809
f 806 809 763
f 810 809 806
f 751 793 820
f 793 763 822
f 820 822 772
f 793 822 820
f 763 794 825
f 794 752 823
f 825 823 773
f 794 823 825
f 772 826 821
f 826 773 824
f 821 824 758
f 826 824 821
f 763 825 822
f 825 773 826
f 822 826 772
f 825 826 822
f 751 820 871
f 820 772 873
f 871 873 784
f 820 873 871
f 772 821 884
f 821 758 882
f 884 882 787
f 821 882 884
f 784 886 872
f 886 787 883
f 872 883 761
f 886 883 872
f 772 884 873
f 884 787 886
f 873 886 784
f 884 886 873
f 751 871 888
f 871 784 891
f 888 891 788
f 871 891 888
f 784 872 909
f 872 761 907
f 909 907 792
f 872 907 909
f 788 911 889
f 911 792 908
f 889 908 762
f 911 908 889
f 784 909 891
f 909 792 911
f 891 911 788
f 909 911 891
f 752 807 846
f 807 768 848
f 846 848 779
f 807 848 846
f 768 808 861
f 808 756 859
f 861 859 782
f 808 859 861
f 779 863 847
f 863 782 860
f 847 860 760
f 863 860 847
f 768 861 848
f 861 782 863
f 848 863 779
f 861 863 848
f 756 901 812
f 901 791 904
f 812 904 769
f 901 904 812
f 791 902 906
f 902 762 897
f 906 897 790
f 902 897 906
f 769 899 811
f 899 790 896
f 811 896 755
f 899 896 811
f 791 906 904
f 906 790 899
f 904 899 769
f 906 899 904
f 762 908 893
f 908 792 912
f 893 912 789
f 908 912 893
f 792 907 910
f 907 761 875
f 910 875 785
f 907 875 910
f 789 895 892
f 895 785 874
f 892 874 753
f 895 874 892
f 792 910 912
f 910 785 895
f 912 895 789
f 910 895 912
f 761 883 878
f 883 787 887
f 878 887 786
f 883 887 878
f 787 882 885
f 882 758 828
f 885 828 774
f 882 828 885
f 786 880 877
f 880 774 827
f 877 827 757
f 880 827 877
f 787 885 887
f 885 774 880
f 887 880 786
f 885 880 887
f 758 824 840
f 824 773 842
f 840 842 778
f 824 842 840
f 773 823 831
f 823 752 829
f 831 829 775
f 823 829 831
f 778 844 841
f 844 775 830
f 841 830 759
f 844 830 841
f 773 831 842
f 831 775 844
f 842 844 778
f 831 844 842
f 754 850 800
f 850 780 852
f 800 852 766
f 850 852 800
f 780 851 858
f 851 760 855
f 858 855 781
f 851 855 858
f 766 856 801
f 856 781 854
f 801 854 755
f 856 854 801
f 780 858 852
f 858 781 856
f 852 856 766
f 858 856 852
f 754 800 796
f 800 766 802
f 796 802 764
f 800 802 796
f 766 801 803
f 801 755 798
f 803 798 765
f 801 798 803
f 764 799 795
f 799 765 797
f 795 797 753
f 799 797 795
f 766 803 802
f 803 765 799
f 802 799 764
f 803 799 802
f 754 796 816
f 796 764 818
f 816 818 771
f 796 818 816
f 764 795 815
f 795 753 813
f 815 813 770
f 795 813 815
f 771 819 817
f 819 770 814
f 817 814 757
f 819 814 817
f 764 815 818
f 815 770 819
f 818 819 771
f 815 819 818
f 754 816 832
f 816 771 834
f 832 834 776
f 816 834 832
f 771 817 837
f 817 757 835
f 837 835 777
f 817 835 837
f 776 839 833
f 839 777 836
f 833 836 759
f 839 836 833
f 771 837 834
f 837 777 839
f 834 839 776
f 837 839 834
f 754 832 850
f 832 776 853
f 850 853 780
f 832 853 850
f 776 833 868
f 833 759 865
f 868 865 783
f 833 865 868
f 780 870 851
f 870 783 866
f 851 866 760
f 870 866 851
f 776 868 853
f 868 783 870
f 853 870 780
f 868 870 853
f 755 854 811
f 854 781 857
f 811 857 769
f 854 857 811
f 781 855 864
f 855 760 860
f 864 860 782
f 855 860 864
f 769 862 812
f 862 782 859
f 812 859 756
f 862 859 812
f 781 864 857
f 864 782 862
f 857 862 769
f 864 862 857
f 753 797 892
f 797 765 894
f 892 894 789
f 797 894 892
f 765 798 898
f 798 755 896
f 898 896 790
f 798 896 898
f 789 900 893
f 900 790 897
f 893 897 762
f 900 897 893
f 765 898 894
f 898 790 900
f 894 900 789
f 898 900 894
f 757 814 877
f 814 770 879
f 877 879 786
f 814 879 877
f 770 813 876
f 813 753 874
f 876 874 785
f 813 874 876
f 786 881 878
f 881 785 875
f 878 875 761
f 881 875 878
f 770 876 879
f 876 785 881
f 879 881 786
f 876 881 879
f 759 836 841
f 836 777 845
f 841 845 778
f 836 845 841
f 777 835 838
f 835 757 827
f 838 827 774
f 835 827 838
f 778 843 840
f 843 774 828
f 840 828 758
f 843 828 840
f 777 838 845
f 838 774 843
f 845 843 778
f 838 843 845
f 760 866 847
f 866 783 869
f 847 869 779
f 866 869 847
f 783 865 867
f 865 759 830
f 867 830 775
f 865 830 867
f 779 849 846
f 849 775 829
f 846 829 752
f 849 829 846
f 783 867 869
f 867 775 849
f 869 849 779
f 867 849 869

o Forearm_Left
usemtl AXION_Armor_Light
v -0.57970314 0.68673466 -0.12000000
v -0.57970314 0.68673466 0.12000000
v -0.63815584 1.10264725 -0.12000000
v -0.63815584 1.10264725 0.12000000
v -0.36184416 0.71735275 -0.12000000
v -0.36184416 0.71735275 0.12000000
v -0.42029686 1.13326534 -0.12000000
v -0.42029686 1.13326534 0.12000000
f 914 916 913
f 917 914 913
f 913 916 915
f 915 917 913
f 914 920 916
f 918 914 917
f 918 920 914
f 916 920 915
f 919 917 915
f 915 920 919
f 919 918 917
f 920 918 919

o Hand_Left
usemtl AXION_Joints
v -0.55000000 0.58000000 -0.10000000
v -0.55000000 0.58000000 0.10000000
v -0.55000000 0.74000000 -0.10000000
v -0.55000000 0.74000000 0.10000000
v -0.35000000 0.58000000 -0.10000000
v -0.35000000 0.58000000 0.10000000
v -0.35000000 0.74000000 -0.10000000
v -0.35000000 0.74000000 0.10000000
f 922 924 921
f 925 922 921
f 921 924 923
f 923 925 921
f 922 928 924
f 926 922 925
f 926 928 922
f 924 928 923
f 927 925 923
f 923 928 927
f 927 926 925
f 928 926 927

o Hip_Right_Joint
usemtl AXION_Joints
v 0.13165496 0.76058461 0.00000000
v 0.26834504 0.76058461 0.00000000
v 0.13165496 0.53941539 0.00000000
v 0.26834504 0.53941539 0.00000000
v 0.20000000 0.58165496 0.11058461
v 0.20000000 0.71834504 0.11058461
v 0.20000000 0.58165496 -0.11058461
v 0.20000000 0.71834504 -0.11058461
v 0.31058461 0.65000000 -0.06834504
v 0.31058461 0.65000000 0.06834504
v 0.08941539 0.65000000 -0.06834504
v 0.08941539 0.65000000 0.06834504
v 0.20000000 0.78000000 0.00000000
v 0.20000000 0.52000000 0.00000000
v 0.15982779 0.54482779 0.06500000
v 0.24017221 0.54482779 0.06500000
v 0.15982779 0.75517221 0.06500000
v 0.24017221 0.75517221 0.06500000
v 0.20000000 0.65000000 0.13000000
v 0.15982779 0.54482779 -0.06500000
v 0.24017221 0.54482779 -0.06500000
v 0.15982779 0.75517221 -0.06500000
v 0.24017221 0.75517221 -0.06500000
v 0.20000000 0.65000000 -0.13000000
v 0.30517221 0.71500000 -0.04017221
v 0.30517221 0.58500000 -0.04017221
v 0.26500000 0.60982779 -0.10517221
v 0.26500000 0.69017221 -0.10517221
v 0.30517221 0.71500000 0.04017221
v 0.30517221 0.58500000 0.04017221
v 0.26500000 0.60982779 0.10517221
v 0.26500000 0.69017221 0.10517221
v 0.33000000 0.65000000 0.00000000
v 0.09482779 0.71500000 -0.04017221
v 0.09482779 0.58500000 -0.04017221
v 0.13500000 0.60982779 -0.10517221
v 0.13500000 0.69017221 -0.10517221
v 0.09482779 0.71500000 0.04017221
v 0.09482779 0.58500000 0.04017221
v 0.13500000 0.60982779 0.10517221
v 0.13500000 0.69017221 0.10517221
v 0.07000000 0.65000000 0.00000000
v 0.16447535 0.77505199 0.00000000
v 0.23552465 0.77505199 0.00000000
v 0.16447535 0.52494801 0.00000000
v 0.23552465 0.52494801 0.00000000
v 0.14359449 0.53785310 0.03378595
v 0.17911914 0.55980854 0.09126604
v 0.17888022 0.52636265 0.03417252
v 0.25640551 0.53785310 0.03378595
v 0.22088086 0.55980854 0.09126604
v 0.22111978 0.52636265 0.03417252
v 0.20000000 0.53941539 0.06834504
v 0.14359449 0.76214690 0.03378595
v 0.17911914 0.74019146 0.09126604
v 0.17888022 0.77363735 0.03417252
v 0.25640551 0.76214690 0.03378595
v 0.22088086 0.74019146 0.09126604
v 0.22111978 0.77363735 0.03417252
v 0.20000000 0.76058461 0.06834504
v 0.20000000 0.61447535 0.12505199
v 0.20000000 0.68552465 0.12505199
v 0.14359449 0.53785310 -0.03378595
v 0.17911914 0.55980854 -0.09126604
v 0.17888022 0.52636265 -0.03417252
v 0.25640551 0.53785310 -0.03378595
v 0.22088086 0.55980854 -0.09126604
v 0.22111978 0.52636265 -0.03417252
v 0.20000000 0.53941539 -0.06834504
v 0.14359449 0.76214690 -0.03378595
v 0.17911914 0.74019146 -0.09126604
v 0.17888022 0.77363735 -0.03417252
v 0.25640551 0.76214690 -0.03378595
v 0.22088086 0.74019146 -0.09126604
v 0.22111978 0.77363735 -0.03417252
v 0.20000000 0.76058461 -0.06834504
v 0.20000000 0.61447535 -0.12505199
v 0.20000000 0.68552465 -0.12505199
v 0.29019146 0.74126604 -0.02088086
v 0.31214690 0.68378595 -0.05640551
v 0.27641208 0.73946482 -0.05529230
v 0.29019146 0.55873396 -0.02088086
v 0.31214690 0.61621405 -0.05640551
v 0.27641208 0.56053518 -0.05529230
v 0.23378595 0.59359449 -0.11214690
v 0.29126604 0.62911914 -0.09019146
v 0.25529230 0.57358792 -0.08946482
v 0.23417252 0.62888022 -0.12363735
v 0.28946482 0.59470770 -0.07641208
v 0.23378595 0.70640551 -0.11214690
v 0.29126604 0.67088086 -0.09019146
v 0.25529230 0.72641208 -0.08946482
v 0.23417252 0.67111978 -0.12363735
v 0.28946482 0.70529230 -0.07641208
v 0.26834504 0.65000000 -0.11058461
v 0.29019146 0.74126604 0.02088086
v 0.31214690 0.68378595 0.05640551
v 0.27641208 0.73946482 0.05529230
v 0.31058461 0.71834504 0.00000000
v 0.29019146 0.55873396 0.02088086
v 0.31214690 0.61621405 0.05640551
v 0.27641208 0.56053518 0.05529230
v 0.31058461 0.58165496 0.00000000
v 0.23378595 0.59359449 0.11214690
v 0.29126604 0.62911914 0.09019146
v 0.25529230 0.57358792 0.08946482
v 0.23417252 0.62888022 0.12363735
v 0.28946482 0.59470770 0.07641208
v 0.23378595 0.70640551 0.11214690
v 0.29126604 0.67088086 0.09019146
v 0.25529230 0.72641208 0.08946482
v 0.23417252 0.67111978 0.12363735
v 0.28946482 0.70529230 0.07641208
v 0.26834504 0.65000000 0.11058461
v 0.32505199 0.65000000 -0.03552465
v 0.32505199 0.65000000 0.03552465
v 0.32363735 0.68417252 -0.02111978
v 0.32363735 0.61582748 -0.02111978
v 0.32363735 0.68417252 0.02111978
v 0.32363735 0.61582748 0.02111978
v 0.10980854 0.74126604 -0.02088086
v 0.08785310 0.68378595 -0.05640551
v 0.12358792 0.73946482 -0.05529230
v 0.10980854 0.55873396 -0.02088086
v 0.08785310 0.61621405 -0.05640551
v 0.12358792 0.56053518 -0.05529230
v 0.16621405 0.59359449 -0.11214690
v 0.10873396 0.62911914 -0.09019146
v 0.14470770 0.57358792 -0.08946482
v 0.16582748 0.62888022 -0.12363735
v 0.11053518 0.59470770 -0.07641208
v 0.16621405 0.70640551 -0.11214690
v 0.10873396 0.67088086 -0.09019146
v 0.14470770 0.72641208 -0.08946482
v 0.16582748 0.67111978 -0.12363735
v 0.11053518 0.70529230 -0.07641208
v 0.13165496 0.65000000 -0.11058461
v 0.10980854 0.74126604 0.02088086
v 0.08785310 0.68378595 0.05640551
v 0.12358792 0.73946482 0.05529230
v 0.08941539 0.71834504 0.00000000
v 0.10980854 0.55873396 0.02088086
v 0.08785310 0.61621405 0.05640551
v 0.12358792 0.56053518 0.05529230
v 0.08941539 0.58165496 0.00000000
v 0.16621405 0.59359449 0.11214690
v 0.10873396 0.62911914 0.09019146
v 0.14470770 0.57358792 0.08946482
v 0.16582748 0.62888022 0.12363735
v 0.11053518 0.59470770 0.07641208
v 0.16621405 0.70640551 0.11214690
v 0.10873396 0.67088086 0.09019146
v 0.14470770 0.72641208 0.08946482
v 0.16582748 0.67111978 0.12363735
v 0.11053518 0.70529230 0.07641208
v 0.13165496 0.65000000 0.11058461
v 0.07494801 0.65000000 -0.03552465
v 0.07494801 0.65000000 0.03552465
v 0.07636265 0.68417252 -0.02111978
v 0.07636265 0.61582748 -0.02111978
v 0.07636265 0.68417252 0.02111978
v 0.07636265 0.61582748 0.02111978
f 929 1066 982
f 1066 966 1068
f 982 1068 945
f 1066 1068 982
f 966 1067 1083
f 1067 940 1080
f 1083 1080 969
f 1067 1080 1083
f 945 1081 983
f 1081 969 1079
f 983 1079 934
f 1081 1079 983
f 966 1083 1068
f 1083 969 1081
f 1068 1081 945
f 1083 1081 1068
f 929 982 971
f 982 945 984
f 971 984 941
f 982 984 971
f 945 983 988
f 983 934 986
f 988 986 946
f 983 986 988
f 941 987 972
f 987 946 985
f 972 985 930
f 987 985 972
f 945 988 984
f 988 946 987
f 984 987 941
f 988 987 984
f 929 971 998
f 971 941 1000
f 998 1000 950
f 971 1000 998
f 941 972 1003
f 972 930 1001
f 1003 1001 951
f 972 1001 1003
f 950 1004 999
f 1004 951 1002
f 999 1002 936
f 1004 1002 999
f 941 1003 1000
f 1003 951 1004
f 1000 1004 950
f 1003 1004 1000
f 929 998 1049
f 998 950 1051
f 1049 1051 962
f 998 1051 1049
f 950 999 1062
f 999 936 1060
f 1062 1060 965
f 999 1060 1062
f 962 1064 1050
f 1064 965 1061
f 1050 1061 939
f 1064 1061 1050
f 950 1062 1051
f 1062 965 1064
f 1051 1064 962
f 1062 1064 1051
f 929 1049 1066
f 1049 962 1069
f 1066 1069 966
f 1049 1069 1066
f 962 1050 1087
f 1050 939 1085
f 1087 1085 970
f 1050 1085 1087
f 966 1089 1067
f 1089 970 1086
f 1067 1086 940
f 1089 1086 1067
f 962 1087 1069
f 1087 970 1089
f 1069 1089 966
f 1087 1089 1069
f 930 985 1024
f 985 946 1026
f 1024 1026 957
f 985 1026 1024
f 946 986 1039
f 986 934 1037
f 1039 1037 960
f 986 1037 1039
f 957 1041 1025
f 1041 960 1038
f 1025 1038 938
f 1041 1038 1025
f 946 1039 1026
f 1039 960 1041
f 1026 1041 957
f 1039 1041 1026
f 934 1079 990
f 1079 969 1082
f 990 1082 947
f 1079 1082 990
f 969 1080 1084
f 1080 940 1075
f 1084 1075 968
f 1080 1075 1084
f 947 1077 989
f 1077 968 1074
f 989 1074 933
f 1077 1074 989
f 969 1084 1082
f 1084 968 1077
f 1082 1077 947
f 1084 1077 1082
f 940 1086 1071
f 1086 970 1090
f 1071 1090 967
f 1086 1090 1071
f 970 1085 1088
f 1085 939 1053
f 1088 1053 963
f 1085 1053 1088
f 967 1073 1070
f 1073 963 1052
f 1070 1052 931
f 1073 1052 1070
f 970 1088 1090
f 1088 963 1073
f 1090 1073 967
f 1088 1073 1090
f 939 1061 1056
f 1061 965 1065
f 1056 1065 964
f 1061 1065 1056
f 965 1060 1063
f 1060 936 1006
f 1063 1006 952
f 1060 1006 1063
f 964 1058 1055
f 1058 952 1005
f 1055 1005 935
f 1058 1005 1055
f 965 1063 1065
f 1063 952 1058
f 1065 1058 964
f 1063 1058 1065
f 936 1002 1018
f 1002 951 1020
f 1018 1020 956
f 1002 1020 1018
f 951 1001 1009
f 1001 930 1007
f 1009 1007 953
f 1001 1007 1009
f 956 1022 1019
f 1022 953 1008
f 1019 1008 937
f 1022 1008 1019
f 951 1009 1020
f 1009 953 1022
f 1020 1022 956
f 1009 1022 1020
f 932 1028 978
f 1028 958 1030
f 978 1030 944
f 1028 1030 978
f 958 1029 1036
f 1029 938 1033
f 1036 1033 959
f 1029 1033 1036
f 944 1034 979
f 1034 959 1032
f 979 1032 933
f 1034 1032 979
f 958 1036 1030
f 1036 959 1034
f 1030 1034 944
f 1036 1034 1030
f 932 978 974
f 978 944 980
f 974 980 942
f 978 980 974
f 944 979 981
f 979 933 976
f 981 976 943
f 979 976 981
f 942 977 973
f 977 943 975
f 973 975 931
f 977 975 973
f 944 981 980
f 981 943 977
f 980 977 942
f 981 977 980
f 932 974 994
f 974 942 996
f 994 996 949
f 974 996 994
f 942 973 993
f 973 931 991
f 993 991 948
f 973 991 993
f 949 997 995
f 997 948 992
f 995 992 935
f 997 992 995
f 942 993 996
f 993 948 997
f 996 997 949
f 993 997 996
f 932 994 1010
f 994 949 1012
f 1010 1012 954
f 994 1012 1010
f 949 995 1015
f 995 935 1013
f 1015 1013 955
f 995 1013 1015
f 954 1017 1011
f 1017 955 1014
f 1011 1014 937
f 1017 1014 1011
f 949 1015 1012
f 1015 955 1017
f 1012 1017 954
f 1015 1017 1012
f 932 1010 1028
f 1010 954 1031
f 1028 1031 958
f 1010 1031 1028
f 954 1011 1046
f 1011 937 1043
f 1046 1043 961
f 1011 1043 1046
f 958 1048 1029
f 1048 961 1044
f 1029 1044 938
f 1048 1044 1029
f 954 1046 1031
f 1046 961 1048
f 1031 1048 958
f 1046 1048 1031
f 933 1032 989
f 1032 959 1035
f 989 1035 947
f 1032 1035 989
f 959 1033 1042
f 1033 938 1038
f 1042 1038 960
f 1033 1038 1042
f 947 1040 990
f 1040 960 1037
f 990 1037 934
f 1040 1037 990
f 959 1042 1035
f 1042 960 1040
f 1035 1040 947
f 1042 1040 1035
f 931 975 1070
f 975 943 1072
f 1070 1072 967
f 975 1072 1070
f 943 976 1076
f 976 933 1074
f 1076 1074 968
f 976 1074 1076
f 967 1078 1071
f 1078 968 1075
f 1071 1075 940
f 1078 1075 1071
f 943 1076 1072
f 1076 968 1078
f 1072 1078 967
f 1076 1078 1072
f 935 992 1055
f 992 948 1057
f 1055 1057 964
f 992 1057 1055
f 948 991 1054
f 991 931 1052
f 1054 1052 963
f 991 1052 1054
f 964 1059 1056
f 1059 963 1053
f 1056 1053 939
f 1059 1053 1056
f 948 1054 1057
f 1054 963 1059
f 1057 1059 964
f 1054 1059 1057
f 937 1014 1019
f 1014 955 1023
f 1019 1023 956
f 1014 1023 1019
f 955 1013 1016
f 1013 935 1005
f 1016 1005 952
f 1013 1005 1016
f 956 1021 1018
f 1021 952 1006
f 1018 1006 936
f 1021 1006 1018
f 955 1016 1023
f 1016 952 1021
f 1023 1021 956
f 1016 1021 1023
f 938 1044 1025
f 1044 961 1047
f 1025 1047 957
f 1044 1047 1025
f 961 1043 1045
f 1043 937 1008
f 1045 1008 953
f 1043 1008 1045
f 957 1027 1024
f 1027 953 1007
f 1024 1007 930
f 1027 1007 1024
f 961 1045 1047
f 1045 953 1027
f 1047 1027 957
f 1045 1027 1047

o Thigh_Right
usemtl AXION_Armor_Blue
v 0.08866770 0.18141001 -0.12000000
v 0.08866770 0.18141001 0.12000000
v 0.13224557 0.67950736 -0.12000000
v 0.13224557 0.67950736 0.12000000
v 0.32775443 0.16049264 -0.12000000
v 0.32775443 0.16049264 0.12000000
v 0.37133230 0.65858999 -0.12000000
v 0.37133230 0.65858999 0.12000000
f 1092 1094 1091
f 1095 1092 1091
f 1091 1094 1093
f 1093 1095 1091
f 1092 1098 1094
f 1096 1092 1095
f 1096 1098 1092
f 1094 1098 1093
f 1097 1095 1093
f 1093 1098 1097
f 1097 1096 1095
f 1098 1096 1097

o Knee_Right_Joint
usemtl AXION_Joints
v 0.19691227 0.26207810 0.00000000
v 0.32308773 0.26207810 0.00000000
v 0.19691227 0.05792190 0.00000000
v 0.32308773 0.05792190 0.00000000
v 0.26000000 0.09691227 0.10207810
v 0.26000000 0.22308773 0.10207810
v 0.26000000 0.09691227 -0.10207810
v 0.26000000 0.22308773 -0.10207810
v 0.36207810 0.16000000 -0.06308773
v 0.36207810 0.16000000 0.06308773
v 0.15792190 0.16000000 -0.06308773
v 0.15792190 0.16000000 0.06308773
v 0.26000000 0.28000000 0.00000000
v 0.26000000 0.04000000 0.00000000
v 0.22291796 0.06291796 0.06000000
v 0.29708204 0.06291796 0.06000000
v 0.22291796 0.25708204 0.06000000
v 0.29708204 0.25708204 0.06000000
v 0.26000000 0.16000000 0.12000000
v 0.22291796 0.06291796 -0.06000000
v 0.29708204 0.06291796 -0.06000000
v 0.22291796 0.25708204 -0.06000000
v 0.29708204 0.25708204 -0.06000000
v 0.26000000 0.16000000 -0.12000000
v 0.35708204 0.22000000 -0.03708204
v 0.35708204 0.10000000 -0.03708204
v 0.32000000 0.12291796 -0.09708204
v 0.32000000 0.19708204 -0.09708204
v 0.35708204 0.22000000 0.03708204
v 0.35708204 0.10000000 0.03708204
v 0.32000000 0.12291796 0.09708204
v 0.32000000 0.19708204 0.09708204
v 0.38000000 0.16000000 0.00000000
v 0.16291796 0.22000000 -0.03708204
v 0.16291796 0.10000000 -0.03708204
v 0.20000000 0.12291796 -0.09708204
v 0.20000000 0.19708204 -0.09708204
v 0.16291796 0.22000000 0.03708204
v 0.16291796 0.10000000 0.03708204
v 0.20000000 0.12291796 0.09708204
v 0.20000000 0.19708204 0.09708204
v 0.14000000 0.16000000 0.00000000
v 0.22720802 0.27543260 0.00000000
v 0.29279198 0.27543260 0.00000000
v 0.22720802 0.04456740 0.00000000
v 0.29279198 0.04456740 0.00000000
v 0.20793337 0.05647978 0.03118703
v 0.24072536 0.07674634 0.08424557
v 0.24050482 0.04587322 0.03154387
v 0.31206663 0.05647978 0.03118703
v 0.27927464 0.07674634 0.08424557
v 0.27949518 0.04587322 0.03154387
v 0.26000000 0.05792190 0.06308773
v 0.20793337 0.26352022 0.03118703
v 0.24072536 0.24325366 0.08424557
v 0.24050482 0.27412678 0.03154387
v 0.31206663 0.26352022 0.03118703
v 0.27927464 0.24325366 0.08424557
v 0.27949518 0.27412678 0.03154387
v 0.26000000 0.26207810 0.06308773
v 0.26000000 0.12720802 0.11543260
v 0.26000000 0.19279198 0.11543260
v 0.20793337 0.05647978 -0.03118703
v 0.24072536 0.07674634 -0.08424557
v 0.24050482 0.04587322 -0.03154387
v 0.31206663 0.05647978 -0.03118703
v 0.27927464 0.07674634 -0.08424557
v 0.27949518 0.04587322 -0.03154387
v 0.26000000 0.05792190 -0.06308773
v 0.20793337 0.26352022 -0.03118703
v 0.24072536 0.24325366 -0.08424557
v 0.24050482 0.27412678 -0.03154387
v 0.31206663 0.26352022 -0.03118703
v 0.27927464 0.24325366 -0.08424557
v 0.27949518 0.27412678 -0.03154387
v 0.26000000 0.26207810 -0.06308773
v 0.26000000 0.12720802 -0.11543260
v 0.26000000 0.19279198 -0.11543260
v 0.34325366 0.24424557 -0.01927464
v 0.36352022 0.19118703 -0.05206663
v 0.33053423 0.24258292 -0.05103905
v 0.34325366 0.07575443 -0.01927464
v 0.36352022 0.12881297 -0.05206663
v 0.33053423 0.07741708 -0.05103905
v 0.29118703 0.10793337 -0.10352022
v 0.34424557 0.14072536 -0.08325366
v 0.31103905 0.08946577 -0.08258292
v 0.29154387 0.14050482 -0.11412678
v 0.34258292 0.10896095 -0.07053423
v 0.29118703 0.21206663 -0.10352022
v 0.34424557 0.17927464 -0.08325366
v 0.31103905 0.23053423 -0.08258292
v 0.29154387 0.17949518 -0.11412678
v 0.34258292 0.21103905 -0.07053423
v 0.32308773 0.16000000 -0.10207810
v 0.34325366 0.24424557 0.01927464
v 0.36352022 0.19118703 0.05206663
v 0.33053423 0.24258292 0.05103905
v 0.36207810 0.22308773 0.00000000
v 0.34325366 0.07575443 0.01927464
v 0.36352022 0.12881297 0.05206663
v 0.33053423 0.07741708 0.05103905
v 0.36207810 0.09691227 0.00000000
v 0.29118703 0.10793337 0.10352022
v 0.34424557 0.14072536 0.08325366
v 0.31103905 0.08946577 0.08258292
v 0.29154387 0.14050482 0.11412678
v 0.34258292 0.10896095 0.07053423
v 0.29118703 0.21206663 0.10352022
v 0.34424557 0.17927464 0.08325366
v 0.31103905 0.23053423 0.08258292
v 0.29154387 0.17949518 0.11412678
v 0.34258292 0.21103905 0.07053423
v 0.32308773 0.16000000 0.10207810
v 0.37543260 0.16000000 -0.03279198
v 0.37543260 0.16000000 0.03279198
v 0.37412678 0.19154387 -0.01949518
v 0.37412678 0.12845613 -0.01949518
v 0.37412678 0.19154387 0.01949518
v 0.37412678 0.12845613 0.01949518
v 0.17674634 0.24424557 -0.01927464
v 0.15647978 0.19118703 -0.05206663
v 0.18946577 0.24258292 -0.05103905
v 0.17674634 0.07575443 -0.01927464
v 0.15647978 0.12881297 -0.05206663
v 0.18946577 0.07741708 -0.05103905
v 0.22881297 0.10793337 -0.10352022
v 0.17575443 0.14072536 -0.08325366
v 0.20896095 0.08946577 -0.08258292
v 0.22845613 0.14050482 -0.11412678
v 0.17741708 0.10896095 -0.07053423
v 0.22881297 0.21206663 -0.10352022
v 0.17575443 0.17927464 -0.08325366
v 0.20896095 0.23053423 -0.08258292
v 0.22845613 0.17949518 -0.11412678
v 0.17741708 0.21103905 -0.07053423
v 0.19691227 0.16000000 -0.10207810
v 0.17674634 0.24424557 0.01927464
v 0.15647978 0.19118703 0.05206663
v 0.18946577 0.24258292 0.05103905
v 0.15792190 0.22308773 0.00000000
v 0.17674634 0.07575443 0.01927464
v 0.15647978 0.12881297 0.05206663
v 0.18946577 0.07741708 0.05103905
v 0.15792190 0.09691227 0.00000000
v 0.22881297 0.10793337 0.10352022
v 0.17575443 0.14072536 0.08325366
v 0.20896095 0.08946577 0.08258292
v 0.22845613 0.14050482 0.11412678
v 0.17741708 0.10896095 0.07053423
v 0.22881297 0.21206663 0.10352022
v 0.17575443 0.17927464 0.08325366
v 0.20896095 0.23053423 0.08258292
v 0.22845613 0.17949518 0.11412678
v 0.17741708 0.21103905 0.07053423
v 0.19691227 0.16000000 0.10207810
v 0.14456740 0.16000000 -0.03279198
v 0.14456740 0.16000000 0.03279198
v 0.14587322 0.19154387 -0.01949518
v 0.14587322 0.12845613 -0.01949518
v 0.14587322 0.19154387 0.01949518
v 0.14587322 0.12845613 0.01949518
f 1099 1236 1152
f 1236 1136 1238
f 1152 1238 1115
f 1236 1238 1152
f 1136 1237 1253
f 1237 1110 1250
f 1253 1250 1139
f 1237 1250 1253
f 1115 1251 1153
f 1251 1139 1249
f 1153 1249 1104
f 1251 1249 1153
f 1136 1253 1238
f 1253 1139 1251
f 1238 1251 1115
f 1253 1251 1238
f 1099 1152 1141
f 1152 1115 1154
f 1141 1154 1111
f 1152 1154 1141
f 1115 1153 1158
f 1153 1104 1156
f 1158 1156 1116
f 1153 1156 1158
f 1111 1157 1142
f 1157 1116 1155
f 1142 1155 1100
f 1157 1155 1142
f 1115 1158 1154
f 1158 1116 1157
f 1154 1157 1111
f 1158 1157 1154
f 1099 1141 1168
f 1141 1111 1170
f 1168 1170 1120
f 1141 1170 1168
f 1111 1142 1173
f 1142 1100 1171
f 1173 1171 1121
f 1142 1171 1173
f 1120 1174 1169
f 1174 1121 1172
f 1169 1172 1106
f 1174 1172 1169
f 1111 1173 1170
f 1173 1121 1174
f 1170 1174 1120
f 1173 1174 1170
f 1099 1168 1219
f 1168 1120 1221
f 1219 1221 1132
f 1168 1221 1219
f 1120 1169 1232
f 1169 1106 1230
f 1232 1230 1135
f 1169 1230 1232
f 1132 1234 1220
f 1234 1135 1231
f 1220 1231 1109
f 1234 1231 1220
f 1120 1232 1221
f 1232 1135 1234
f 1221 1234 1132
f 1232 1234 1221
f 1099 1219 1236
f 1219 1132 1239
f 1236 1239 1136
f 1219 1239 1236
f 1132 1220 1257
f 1220 1109 1255
f 1257 1255 1140
f 1220 1255 1257
f 1136 1259 1237
f 1259 1140 1256
f 1237 1256 1110
f 1259 1256 1237
f 1132 1257 1239
f 1257 1140 1259
f 1239 1259 1136
f 1257 1259 1239
f 1100 1155 1194
f 1155 1116 1196
f 1194 1196 1127
f 1155 1196 1194
f 1116 1156 1209
f 1156 1104 1207
f 1209 1207 1130
f 1156 1207 1209
f 1127 1211 1195
f 1211 1130 1208
f 1195 1208 1108
f 1211 1208 1195
f 1116 1209 1196
f 1209 1130 1211
f 1196 1211 1127
f 1209 1211 1196
f 1104 1249 1160
f 1249 1139 1252
f 1160 1252 1117
f 1249 1252 1160
f 1139 1250 1254
f 1250 1110 1245
f 1254 1245 1138
f 1250 1245 1254
f 1117 1247 1159
f 1247 1138 1244
f 1159 1244 1103
f 1247 1244 1159
f 1139 1254 1252
f 1254 1138 1247
f 1252 1247 1117
f 1254 1247 1252
f 1110 1256 1241
f 1256 1140 1260
f 1241 1260 1137
f 1256 1260 1241
f 1140 1255 1258
f 1255 1109 1223
f 1258 1223 1133
f 1255 1223 1258
f 1137 1243 1240
f 1243 1133 1222
f 1240 1222 1101
f 1243 1222 1240
f 1140 1258 1260
f 1258 1133 1243
f 1260 1243 1137
f 1258 1243 1260
f 1109 1231 1226
f 1231 1135 1235
f 1226 1235 1134
f 1231 1235 1226
f 1135 1230 1233
f 1230 1106 1176
f 1233 1176 1122
f 1230 1176 1233
f 1134 1228 1225
f 1228 1122 1175
f 1225 1175 1105
f 1228 1175 1225
f 1135 1233 1235
f 1233 1122 1228
f 1235 1228 1134
f 1233 1228 1235
f 1106 1172 1188
f 1172 1121 1190
f 1188 1190 1126
f 1172 1190 1188
f 1121 1171 1179
f 1171 1100 1177
f 1179 1177 1123
f 1171 1177 1179
f 1126 1192 1189
f 1192 1123 1178
f 1189 1178 1107
f 1192 1178 1189
f 1121 1179 1190
f 1179 1123 1192
f 1190 1192 1126
f 1179 1192 1190
f 1102 1198 1148
f 1198 1128 1200
f 1148 1200 1114
f 1198 1200 1148
f 1128 1199 1206
f 1199 1108 1203
f 1206 1203 1129
f 1199 1203 1206
f 1114 1204 1149
f 1204 1129 1202
f 1149 1202 1103
f 1204 1202 1149
f 1128 1206 1200
f 1206 1129 1204
f 1200 1204 1114
f 1206 1204 1200
f 1102 1148 1144
f 1148 1114 1150
f 1144 1150 1112
f 1148 1150 1144
f 1114 1149 1151
f 1149 1103 1146
f 1151 1146 1113
f 1149 1146 1151
f 1112 1147 1143
f 1147 1113 1145
f 1143 1145 1101
f 1147 1145 1143
f 1114 1151 1150
f 1151 1113 1147
f 1150 1147 1112
f 1151 1147 1150
f 1102 1144 1164
f 1144 1112 1166
f 1164 1166 1119
f 1144 1166 1164
f 1112 1143 1163
f 1143 1101 1161
f 1163 1161 1118
f 1143 1161 1163
f 1119 1167 1165
f 1167 1118 1162
f 1165 1162 1105
f 1167 1162 1165
f 1112 1163 1166
f 1163 1118 1167
f 1166 1167 1119
f 1163 1167 1166
f 1102 1164 1180
f 1164 1119 1182
f 1180 1182 1124
f 1164 1182 1180
f 1119 1165 1185
f 1165 1105 1183
f 1185 1183 1125
f 1165 1183 1185
f 1124 1187 1181
f 1187 1125 1184
f 1181 1184 1107
f 1187 1184 1181
f 1119 1185 1182
f 1185 1125 1187
f 1182 1187 1124
f 1185 1187 1182
f 1102 1180 1198
f 1180 1124 1201
f 1198 1201 1128
f 1180 1201 1198
f 1124 1181 1216
f 1181 1107 1213
f 1216 1213 1131
f 1181 1213 1216
f 1128 1218 1199
f 1218 1131 1214
f 1199 1214 1108
f 1218 1214 1199
f 1124 1216 1201
f 1216 1131 1218
f 1201 1218 1128
f 1216 1218 1201
f 1103 1202 1159
f 1202 1129 1205
f 1159 1205 1117
f 1202 1205 1159
f 1129 1203 1212
f 1203 1108 1208
f 1212 1208 1130
f 1203 1208 1212
f 1117 1210 1160
f 1210 1130 1207
f 1160 1207 1104
f 1210 1207 1160
f 1129 1212 1205
f 1212 1130 1210
f 1205 1210 1117
f 1212 1210 1205
f 1101 1145 1240
f 1145 1113 1242
f 1240 1242 1137
f 1145 1242 1240
f 1113 1146 1246
f 1146 1103 1244
f 1246 1244 1138
f 1146 1244 1246
f 1137 1248 1241
f 1248 1138 1245
f 1241 1245 1110
f 1248 1245 1241
f 1113 1246 1242
f 1246 1138 1248
f 1242 1248 1137
f 1246 1248 1242
f 1105 1162 1225
f 1162 1118 1227
f 1225 1227 1134
f 1162 1227 1225
f 1118 1161 1224
f 1161 1101 1222
f 1224 1222 1133
f 1161 1222 1224
f 1134 1229 1226
f 1229 1133 1223
f 1226 1223 1109
f 1229 1223 1226
f 1118 1224 1227
f 1224 1133 1229
f 1227 1229 1134
f 1224 1229 1227
f 1107 1184 1189
f 1184 1125 1193
f 1189 1193 1126
f 1184 1193 1189
f 1125 1183 1186
f 1183 1105 1175
f 1186 1175 1122
f 1183 1175 1186
f 1126 1191 1188
f 1191 1122 1176
f 1188 1176 1106
f 1191 1176 1188
f 1125 1186 1193
f 1186 1122 1191
f 1193 1191 1126
f 1186 1191 1193
f 1108 1214 1195
f 1214 1131 1217
f 1195 1217 1127
f 1214 1217 1195
f 1131 1213 1215
f 1213 1107 1178
f 1215 1178 1123
f 1213 1178 1215
f 1127 1197 1194
f 1197 1123 1177
f 1194 1177 1100
f 1197 1177 1194
f 1131 1215 1217
f 1215 1123 1197
f 1217 1197 1127
f 1215 1197 1217

o Shin_Right
usemtl AXION_Armor_Light
v 0.16292853 -0.30922537 -0.12000000
v 0.16292853 -0.30922537 0.12000000
v 0.14722376 0.14050050 -0.12000000
v 0.14722376 0.14050050 0.12000000
v 0.41277624 -0.30050050 -0.12000000
v 0.41277624 -0.30050050 0.12000000
v 0.39707147 0.14922537 -0.12000000
v 0.39707147 0.14922537 0.12000000
f 1262 1264 1261
f 1265 1262 1261
f 1261 1264 1263
f 1263 1265 1261
f 1262 1268 1264
f 1266 1262 1265
f 1266 1268 1262
f 1264 1268 1263
f 1267 1265 1263
f 1263 1268 1267
f 1267 1266 1265
f 1268 1266 1267

o Boot_Right
usemtl AXION_Armor_Blue
v 0.14000000 -0.47000000 -0.16000000
v 0.14000000 -0.47000000 0.16000000
v 0.14000000 -0.25000000 -0.16000000
v 0.14000000 -0.25000000 0.16000000
v 0.66000000 -0.47000000 -0.16000000
v 0.66000000 -0.47000000 0.16000000
v 0.66000000 -0.25000000 -0.16000000
v 0.66000000 -0.25000000 0.16000000
f 1270 1272 1269
f 1273 1270 1269
f 1269 1272 1271
f 1271 1273 1269
f 1270 1276 1272
f 1274 1270 1273
f 1274 1276 1270
f 1272 1276 1271
f 1275 1273 1271
f 1271 1276 1275
f 1275 1274 1273
f 1276 1274 1275

o Boot_Right_Toe
usemtl AXION_Armor_Light
v 0.55000000 -0.45000000 -0.15000000
v 0.55000000 -0.45000000 0.15000000
v 0.55000000 -0.31000000 -0.15000000
v 0.55000000 -0.31000000 0.15000000
v 0.89000000 -0.45000000 -0.15000000
v 0.89000000 -0.45000000 0.15000000
v 0.89000000 -0.31000000 -0.15000000
v 0.89000000 -0.31000000 0.15000000
f 1278 1280 1277
f 1281 1278 1277
f 1277 1280 1279
f 1279 1281 1277
f 1278 1284 1280
f 1282 1278 1281
f 1282 1284 1278
f 1280 1284 1279
f 1283 1281 1279
f 1279 1284 1283
f 1283 1282 1281
f 1284 1282 1283

o Boot_Right_Energy
usemtl AXION_Energy_Cyan
v 0.31000000 -0.27250000 -0.18000000
v 0.31000000 -0.27250000 0.16000000
v 0.31000000 -0.22750000 -0.18000000
v 0.31000000 -0.22750000 0.16000000
v 0.55000000 -0.27250000 -0.18000000
v 0.55000000 -0.27250000 0.16000000
v 0.55000000 -0.22750000 -0.18000000
v 0.55000000 -0.22750000 0.16000000
f 1286 1288 1285
f 1289 1286 1285
f 1285 1288 1287
f 1287 1289 1285
f 1286 1292 1288
f 1290 1286 1289
f 1290 1292 1286
f 1288 1292 1287
f 1291 1289 1287
f 1287 1292 1291
f 1291 1290 1289
f 1292 1290 1291

o Hip_Left_Joint
usemtl AXION_Joints
v -0.24834504 0.76058461 0.03000000
v -0.11165496 0.76058461 0.03000000
v -0.24834504 0.53941539 0.03000000
v -0.11165496 0.53941539 0.03000000
v -0.18000000 0.58165496 0.14058461
v -0.18000000 0.71834504 0.14058461
v -0.18000000 0.58165496 -0.08058461
v -0.18000000 0.71834504 -0.08058461
v -0.06941539 0.65000000 -0.03834504
v -0.06941539 0.65000000 0.09834504
v -0.29058461 0.65000000 -0.03834504
v -0.29058461 0.65000000 0.09834504
v -0.18000000 0.78000000 0.03000000
v -0.18000000 0.52000000 0.03000000
v -0.22017221 0.54482779 0.09500000
v -0.13982779 0.54482779 0.09500000
v -0.22017221 0.75517221 0.09500000
v -0.13982779 0.75517221 0.09500000
v -0.18000000 0.65000000 0.16000000
v -0.22017221 0.54482779 -0.03500000
v -0.13982779 0.54482779 -0.03500000
v -0.22017221 0.75517221 -0.03500000
v -0.13982779 0.75517221 -0.03500000
v -0.18000000 0.65000000 -0.10000000
v -0.07482779 0.71500000 -0.01017221
v -0.07482779 0.58500000 -0.01017221
v -0.11500000 0.60982779 -0.07517221
v -0.11500000 0.69017221 -0.07517221
v -0.07482779 0.71500000 0.07017221
v -0.07482779 0.58500000 0.07017221
v -0.11500000 0.60982779 0.13517221
v -0.11500000 0.69017221 0.13517221
v -0.05000000 0.65000000 0.03000000
v -0.28517221 0.71500000 -0.01017221
v -0.28517221 0.58500000 -0.01017221
v -0.24500000 0.60982779 -0.07517221
v -0.24500000 0.69017221 -0.07517221
v -0.28517221 0.71500000 0.07017221
v -0.28517221 0.58500000 0.07017221
v -0.24500000 0.60982779 0.13517221
v -0.24500000 0.69017221 0.13517221
v -0.31000000 0.65000000 0.03000000
v -0.21552465 0.77505199 0.03000000
v -0.14447535 0.77505199 0.03000000
v -0.21552465 0.52494801 0.03000000
v -0.14447535 0.52494801 0.03000000
v -0.23640551 0.53785310 0.06378595
v -0.20088086 0.55980854 0.12126604
v -0.20111978 0.52636265 0.06417252
v -0.12359449 0.53785310 0.06378595
v -0.15911914 0.55980854 0.12126604
v -0.15888022 0.52636265 0.06417252
v -0.18000000 0.53941539 0.09834504
v -0.23640551 0.76214690 0.06378595
v -0.20088086 0.74019146 0.12126604
v -0.20111978 0.77363735 0.06417252
v -0.12359449 0.76214690 0.06378595
v -0.15911914 0.74019146 0.12126604
v -0.15888022 0.77363735 0.06417252
v -0.18000000 0.76058461 0.09834504
v -0.18000000 0.61447535 0.15505199
v -0.18000000 0.68552465 0.15505199
v -0.23640551 0.53785310 -0.00378595
v -0.20088086 0.55980854 -0.06126604
v -0.20111978 0.52636265 -0.00417252
v -0.12359449 0.53785310 -0.00378595
v -0.15911914 0.55980854 -0.06126604
v -0.15888022 0.52636265 -0.00417252
v -0.18000000 0.53941539 -0.03834504
v -0.23640551 0.76214690 -0.00378595
v -0.20088086 0.74019146 -0.06126604
v -0.20111978 0.77363735 -0.00417252
v -0.12359449 0.76214690 -0.00378595
v -0.15911914 0.74019146 -0.06126604
v -0.15888022 0.77363735 -0.00417252
v -0.18000000 0.76058461 -0.03834504
v -0.18000000 0.61447535 -0.09505199
v -0.18000000 0.68552465 -0.09505199
v -0.08980854 0.74126604 0.00911914
v -0.06785310 0.68378595 -0.02640551
v -0.10358792 0.73946482 -0.02529230
v -0.08980854 0.55873396 0.00911914
v -0.06785310 0.61621405 -0.02640551
v -0.10358792 0.56053518 -0.02529230
v -0.14621405 0.59359449 -0.08214690
v -0.08873396 0.62911914 -0.06019146
v -0.12470770 0.57358792 -0.05946482
v -0.14582748 0.62888022 -0.09363735
v -0.09053518 0.59470770 -0.04641208
v -0.14621405 0.70640551 -0.08214690
v -0.08873396 0.67088086 -0.06019146
v -0.12470770 0.72641208 -0.05946482
v -0.14582748 0.67111978 -0.09363735
v -0.09053518 0.70529230 -0.04641208
v -0.11165496 0.65000000 -0.08058461
v -0.08980854 0.74126604 0.05088086
v -0.06785310 0.68378595 0.08640551
v -0.10358792 0.73946482 0.08529230
v -0.06941539 0.71834504 0.03000000
v -0.08980854 0.55873396 0.05088086
v -0.06785310 0.61621405 0.08640551
v -0.10358792 0.56053518 0.08529230
v -0.06941539 0.58165496 0.03000000
v -0.14621405 0.59359449 0.14214690
v -0.08873396 0.62911914 0.12019146
v -0.12470770 0.57358792 0.11946482
v -0.14582748 0.62888022 0.15363735
v -0.09053518 0.59470770 0.10641208
v -0.14621405 0.70640551 0.14214690
v -0.08873396 0.67088086 0.12019146
v -0.12470770 0.72641208 0.11946482
v -0.14582748 0.67111978 0.15363735
v -0.09053518 0.70529230 0.10641208
v -0.11165496 0.65000000 0.14058461
v -0.05494801 0.65000000 -0.00552465
v -0.05494801 0.65000000 0.06552465
v -0.05636265 0.68417252 0.00888022
v -0.05636265 0.61582748 0.00888022
v -0.05636265 0.68417252 0.05111978
v -0.05636265 0.61582748 0.05111978
v -0.27019146 0.74126604 0.00911914
v -0.29214690 0.68378595 -0.02640551
v -0.25641208 0.73946482 -0.02529230
v -0.27019146 0.55873396 0.00911914
v -0.29214690 0.61621405 -0.02640551
v -0.25641208 0.56053518 -0.02529230
v -0.21378595 0.59359449 -0.08214690
v -0.27126604 0.62911914 -0.06019146
v -0.23529230 0.57358792 -0.05946482
v -0.21417252 0.62888022 -0.09363735
v -0.26946482 0.59470770 -0.04641208
v -0.21378595 0.70640551 -0.08214690
v -0.27126604 0.67088086 -0.06019146
v -0.23529230 0.72641208 -0.05946482
v -0.21417252 0.67111978 -0.09363735
v -0.26946482 0.70529230 -0.04641208
v -0.24834504 0.65000000 -0.08058461
v -0.27019146 0.74126604 0.05088086
v -0.29214690 0.68378595 0.08640551
v -0.25641208 0.73946482 0.08529230
v -0.29058461 0.71834504 0.03000000
v -0.27019146 0.55873396 0.05088086
v -0.29214690 0.61621405 0.08640551
v -0.25641208 0.56053518 0.08529230
v -0.29058461 0.58165496 0.03000000
v -0.21378595 0.59359449 0.14214690
v -0.27126604 0.62911914 0.12019146
v -0.23529230 0.57358792 0.11946482
v -0.21417252 0.62888022 0.15363735
v -0.26946482 0.59470770 0.10641208
v -0.21378595 0.70640551 0.14214690
v -0.27126604 0.67088086 0.12019146
v -0.23529230 0.72641208 0.11946482
v -0.21417252 0.67111978 0.15363735
v -0.26946482 0.70529230 0.10641208
v -0.24834504 0.65000000 0.14058461
v -0.30505199 0.65000000 -0.00552465
v -0.30505199 0.65000000 0.06552465
v -0.30363735 0.68417252 0.00888022
v -0.30363735 0.61582748 0.00888022
v -0.30363735 0.68417252 0.05111978
v -0.30363735 0.61582748 0.05111978
f 1293 1430 1346
f 1430 1330 1432
f 1346 1432 1309
f 1430 1432 1346
f 1330 1431 1447
f 1431 1304 1444
f 1447 1444 1333
f 1431 1444 1447
f 1309 1445 1347
f 1445 1333 1443
f 1347 1443 1298
f 1445 1443 1347
f 1330 1447 1432
f 1447 1333 1445
f 1432 1445 1309
f 1447 1445 1432
f 1293 1346 1335
f 1346 1309 1348
f 1335 1348 1305
f 1346 1348 1335
f 1309 1347 1352
f 1347 1298 1350
f 1352 1350 1310
f 1347 1350 1352
f 1305 1351 1336
f 1351 1310 1349
f 1336 1349 1294
f 1351 1349 1336
f 1309 1352 1348
f 1352 1310 1351
f 1348 1351 1305
f 1352 1351 1348
f 1293 1335 1362
f 1335 1305 1364
f 1362 1364 1314
f 1335 1364 1362
f 1305 1336 1367
f 1336 1294 1365
f 1367 1365 1315
f 1336 1365 1367
f 1314 1368 1363
f 1368 1315 1366
f 1363 1366 1300
f 1368 1366 1363
f 1305 1367 1364
f 1367 1315 1368
f 1364 1368 1314
f 1367 1368 1364
f 1293 1362 1413
f 1362 1314 1415
f 1413 1415 1326
f 1362 1415 1413
f 1314 1363 1426
f 1363 1300 1424
f 1426 1424 1329
f 1363 1424 1426
f 1326 1428 1414
f 1428 1329 1425
f 1414 1425 1303
f 1428 1425 1414
f 1314 1426 1415
f 1426 1329 1428
f 1415 1428 1326
f 1426 1428 1415
f 1293 1413 1430
f 1413 1326 1433
f 1430 1433 1330
f 1413 1433 1430
f 1326 1414 1451
f 1414 1303 1449
f 1451 1449 1334
f 1414 1449 1451
f 1330 1453 1431
f 1453 1334 1450
f 1431 1450 1304
f 1453 1450 1431
f 1326 1451 1433
f 1451 1334 1453
f 1433 1453 1330
f 1451 1453 1433
f 1294 1349 1388
f 1349 1310 1390
f 1388 1390 1321
f 1349 1390 1388
f 1310 1350 1403
f 1350 1298 1401
f 1403 1401 1324
f 1350 1401 1403
f 1321 1405 1389
f 1405 1324 1402
f 1389 1402 1302
f 1405 1402 1389
f 1310 1403 1390
f 1403 1324 1405
f 1390 1405 1321
f 1403 1405 1390
f 1298 1443 1354
f 1443 1333 1446
f 1354 1446 1311
f 1443 1446 1354
f 1333 1444 1448
f 1444 1304 1439
f 1448 1439 1332
f 1444 1439 1448
f 1311 1441 1353
f 1441 1332 1438
f 1353 1438 1297
f 1441 1438 1353
f 1333 1448 1446
f 1448 1332 1441
f 1446 1441 1311
f 1448 1441 1446
f 1304 1450 1435
f 1450 1334 1454
f 1435 1454 1331
f 1450 1454 1435
f 1334 1449 1452
f 1449 1303 1417
f 1452 1417 1327
f 1449 1417 1452
f 1331 1437 1434
f 1437 1327 1416
f 1434 1416 1295
f 1437 1416 1434
f 1334 1452 1454
f 1452 1327 1437
f 1454 1437 1331
f 1452 1437 1454
f 1303 1425 1420
f 1425 1329 1429
f 1420 1429 1328
f 1425 1429 1420
f 1329 1424 1427
f 1424 1300 1370
f 1427 1370 1316
f 1424 1370 1427
f 1328 1422 1419
f 1422 1316 1369
f 1419 1369 1299
f 1422 1369 1419
f 1329 1427 1429
f 1427 1316 1422
f 1429 1422 1328
f 1427 1422 1429
f 1300 1366 1382
f 1366 1315 1384
f 1382 1384 1320
f 1366 1384 1382
f 1315 1365 1373
f 1365 1294 1371
f 1373 1371 1317
f 1365 1371 1373
f 1320 1386 1383
f 1386 1317 1372
f 1383 1372 1301
f 1386 1372 1383
f 1315 1373 1384
f 1373 1317 1386
f 1384 1386 1320
f 1373 1386 1384
f 1296 1392 1342
f 1392 1322 1394
f 1342 1394 1308
f 1392 1394 1342
f 1322 1393 1400
f 1393 1302 1397
f 1400 1397 1323
f 1393 1397 1400
f 1308 1398 1343
f 1398 1323 1396
f 1343 1396 1297
f 1398 1396 1343
f 1322 1400 1394
f 1400 1323 1398
f 1394 1398 1308
f 1400 1398 1394
f 1296 1342 1338
f 1342 1308 1344
f 1338 1344 1306
f 1342 1344 1338
f 1308 1343 1345
f 1343 1297 1340
f 1345 1340 1307
f 1343 1340 1345
f 1306 1341 1337
f 1341 1307 1339
f 1337 1339 1295
f 1341 1339 1337
f 1308 1345 1344
f 1345 1307 1341
f 1344 1341 1306
f 1345 1341 1344
f 1296 1338 1358
f 1338 1306 1360
f 1358 1360 1313
f 1338 1360 1358
f 1306 1337 1357
f 1337 1295 1355
f 1357 1355 1312
f 1337 1355 1357
f 1313 1361 1359
f 1361 1312 1356
f 1359 1356 1299
f 1361 1356 1359
f 1306 1357 1360
f 1357 1312 1361
f 1360 1361 1313
f 1357 1361 1360
f 1296 1358 1374
f 1358 1313 1376
f 1374 1376 1318
f 1358 1376 1374
f 1313 1359 1379
f 1359 1299 1377
f 1379 1377 1319
f 1359 1377 1379
f 1318 1381 1375
f 1381 1319 1378
f 1375 1378 1301
f 1381 1378 1375
f 1313 1379 1376
f 1379 1319 1381
f 1376 1381 1318
f 1379 1381 1376
f 1296 1374 1392
f 1374 1318 1395
f 1392 1395 1322
f 1374 1395 1392
f 1318 1375 1410
f 1375 1301 1407
f 1410 1407 1325
f 1375 1407 1410
f 1322 1412 1393
f 1412 1325 1408
f 1393 1408 1302
f 1412 1408 1393
f 1318 1410 1395
f 1410 1325 1412
f 1395 1412 1322
f 1410 1412 1395
f 1297 1396 1353
f 1396 1323 1399
f 1353 1399 1311
f 1396 1399 1353
f 1323 1397 1406
f 1397 1302 1402
f 1406 1402 1324
f 1397 1402 1406
f 1311 1404 1354
f 1404 1324 1401
f 1354 1401 1298
f 1404 1401 1354
f 1323 1406 1399
f 1406 1324 1404
f 1399 1404 1311
f 1406 1404 1399
f 1295 1339 1434
f 1339 1307 1436
f 1434 1436 1331
f 1339 1436 1434
f 1307 1340 1440
f 1340 1297 1438
f 1440 1438 1332
f 1340 1438 1440
f 1331 1442 1435
f 1442 1332 1439
f 1435 1439 1304
f 1442 1439 1435
f 1307 1440 1436
f 1440 1332 1442
f 1436 1442 1331
f 1440 1442 1436
f 1299 1356 1419
f 1356 1312 1421
f 1419 1421 1328
f 1356 1421 1419
f 1312 1355 1418
f 1355 1295 1416
f 1418 1416 1327
f 1355 1416 1418
f 1328 1423 1420
f 1423 1327 1417
f 1420 1417 1303
f 1423 1417 1420
f 1312 1418 1421
f 1418 1327 1423
f 1421 1423 1328
f 1418 1423 1421
f 1301 1378 1383
f 1378 1319 1387
f 1383 1387 1320
f 1378 1387 1383
f 1319 1377 1380
f 1377 1299 1369
f 1380 1369 1316
f 1377 1369 1380
f 1320 1385 1382
f 1385 1316 1370
f 1382 1370 1300
f 1385 1370 1382
f 1319 1380 1387
f 1380 1316 1385
f 1387 1385 1320
f 1380 1385 1387
f 1302 1408 1389
f 1408 1325 1411
f 1389 1411 1321
f 1408 1411 1389
f 1325 1407 1409
f 1407 1301 1372
f 1409 1372 1317
f 1407 1372 1409
f 1321 1391 1388
f 1391 1317 1371
f 1388 1371 1294
f 1391 1371 1388
f 1325 1409 1411
f 1409 1317 1391
f 1411 1391 1321
f 1409 1391 1411

o Thigh_Left
usemtl AXION_Armor_Dark
v -0.26428482 0.14281122 -0.08500000
v -0.26428482 0.14281122 0.14500000
v -0.32400080 0.62915883 -0.08500000
v -0.32400080 0.62915883 0.14500000
v -0.03599920 0.17084117 -0.08500000
v -0.03599920 0.17084117 0.14500000
v -0.09571518 0.65718878 -0.08500000
v -0.09571518 0.65718878 0.14500000
f 1456 1458 1455
f 1459 1456 1455
f 1455 1458 1457
f 1457 1459 1455
f 1456 1462 1458
f 1460 1456 1459
f 1460 1462 1456
f 1458 1462 1457
f 1461 1459 1457
f 1457 1462 1461
f 1461 1460 1459
f 1462 1460 1461

o Knee_Left_Joint
usemtl AXION_Joints
v -0.27783042 0.24357159 0.03000000
v -0.16216958 0.24357159 0.03000000
v -0.27783042 0.05642841 0.03000000
v -0.16216958 0.05642841 0.03000000
v -0.22000000 0.09216958 0.12357159
v -0.22000000 0.20783042 0.12357159
v -0.22000000 0.09216958 -0.06357159
v -0.22000000 0.20783042 -0.06357159
v -0.12642841 0.15000000 -0.02783042
v -0.12642841 0.15000000 0.08783042
v -0.31357159 0.15000000 -0.02783042
v -0.31357159 0.15000000 0.08783042
v -0.22000000 0.26000000 0.03000000
v -0.22000000 0.04000000 0.03000000
v -0.25399187 0.06100813 0.08500000
v -0.18600813 0.06100813 0.08500000
v -0.25399187 0.23899187 0.08500000
v -0.18600813 0.23899187 0.08500000
v -0.22000000 0.15000000 0.14000000
v -0.25399187 0.06100813 -0.02500000
v -0.18600813 0.06100813 -0.02500000
v -0.25399187 0.23899187 -0.02500000
v -0.18600813 0.23899187 -0.02500000
v -0.22000000 0.15000000 -0.08000000
v -0.13100813 0.20500000 -0.00399187
v -0.13100813 0.09500000 -0.00399187
v -0.16500000 0.11600813 -0.05899187
v -0.16500000 0.18399187 -0.05899187
v -0.13100813 0.20500000 0.06399187
v -0.13100813 0.09500000 0.06399187
v -0.16500000 0.11600813 0.11899187
v -0.16500000 0.18399187 0.11899187
v -0.11000000 0.15000000 0.03000000
v -0.30899187 0.20500000 -0.00399187
v -0.30899187 0.09500000 -0.00399187
v -0.27500000 0.11600813 -0.05899187
v -0.27500000 0.18399187 -0.05899187
v -0.30899187 0.20500000 0.06399187
v -0.30899187 0.09500000 0.06399187
v -0.27500000 0.11600813 0.11899187
v -0.27500000 0.18399187 0.11899187
v -0.33000000 0.15000000 0.03000000
v -0.25005932 0.25581322 0.03000000
v -0.18994068 0.25581322 0.03000000
v -0.25005932 0.04418678 0.03000000
v -0.18994068 0.04418678 0.03000000
v -0.26772774 0.05510647 0.05858811
v -0.23766842 0.07368415 0.10722511
v -0.23787058 0.04538378 0.05891521
v -0.17227226 0.05510647 0.05858811
v -0.20233158 0.07368415 0.10722511
v -0.20212942 0.04538378 0.05891521
v -0.22000000 0.05642841 0.08783042
v -0.26772774 0.24489353 0.05858811
v -0.23766842 0.22631585 0.10722511
v -0.23787058 0.25461622 0.05891521
v -0.17227226 0.24489353 0.05858811
v -0.20233158 0.22631585 0.10722511
v -0.20212942 0.25461622 0.05891521
v -0.22000000 0.24357159 0.08783042
v -0.22000000 0.11994068 0.13581322
v -0.22000000 0.18005932 0.13581322
v -0.26772774 0.05510647 0.00141189
v -0.23766842 0.07368415 -0.04722511
v -0.23787058 0.04538378 0.00108479
v -0.17227226 0.05510647 0.00141189
v -0.20233158 0.07368415 -0.04722511
v -0.20212942 0.04538378 0.00108479
v -0.22000000 0.05642841 -0.02783042
v -0.26772774 0.24489353 0.00141189
v -0.23766842 0.22631585 -0.04722511
v -0.23787058 0.25461622 0.00108479
v -0.17227226 0.24489353 0.00141189
v -0.20233158 0.22631585 -0.04722511
v -0.20212942 0.25461622 0.00108479
v -0.22000000 0.24357159 -0.02783042
v -0.22000000 0.11994068 -0.07581322
v -0.22000000 0.18005932 -0.07581322
v -0.14368415 0.22722511 0.01233158
v -0.12510647 0.17858811 -0.01772774
v -0.15534362 0.22570101 -0.01678579
v -0.14368415 0.07277489 0.01233158
v -0.12510647 0.12141189 -0.01772774
v -0.15534362 0.07429899 -0.01678579
v -0.19141189 0.10227226 -0.06489353
v -0.14277489 0.13233158 -0.04631585
v -0.17321421 0.08534362 -0.04570101
v -0.19108479 0.13212942 -0.07461622
v -0.14429899 0.10321421 -0.03465638
v -0.19141189 0.19772774 -0.06489353
v -0.14277489 0.16766842 -0.04631585
v -0.17321421 0.21465638 -0.04570101
v -0.19108479 0.16787058 -0.07461622
v -0.14429899 0.19678579 -0.03465638
v -0.16216958 0.15000000 -0.06357159
v -0.14368415 0.22722511 0.04766842
v -0.12510647 0.17858811 0.07772774
v -0.15534362 0.22570101 0.07678579
v -0.12642841 0.20783042 0.03000000
v -0.14368415 0.07277489 0.04766842
v -0.12510647 0.12141189 0.07772774
v -0.15534362 0.07429899 0.07678579
v -0.12642841 0.09216958 0.03000000
v -0.19141189 0.10227226 0.12489353
v -0.14277489 0.13233158 0.10631585
v -0.17321421 0.08534362 0.10570101
v -0.19108479 0.13212942 0.13461622
v -0.14429899 0.10321421 0.09465638
v -0.19141189 0.19772774 0.12489353
v -0.14277489 0.16766842 0.10631585
v -0.17321421 0.21465638 0.10570101
v -0.19108479 0.16787058 0.13461622
v -0.14429899 0.19678579 0.09465638
v -0.16216958 0.15000000 0.12357159
v -0.11418678 0.15000000 -0.00005932
v -0.11418678 0.15000000 0.06005932
v -0.11538378 0.17891521 0.01212942
v -0.11538378 0.12108479 0.01212942
v -0.11538378 0.17891521 0.04787058
v -0.11538378 0.12108479 0.04787058
v -0.29631585 0.22722511 0.01233158
v -0.31489353 0.17858811 -0.01772774
v -0.28465638 0.22570101 -0.01678579
v -0.29631585 0.07277489 0.01233158
v -0.31489353 0.12141189 -0.01772774
v -0.28465638 0.07429899 -0.01678579
v -0.24858811 0.10227226 -0.06489353
v -0.29722511 0.13233158 -0.04631585
v -0.26678579 0.08534362 -0.04570101
v -0.24891521 0.13212942 -0.07461622
v -0.29570101 0.10321421 -0.03465638
v -0.24858811 0.19772774 -0.06489353
v -0.29722511 0.16766842 -0.04631585
v -0.26678579 0.21465638 -0.04570101
v -0.24891521 0.16787058 -0.07461622
v -0.29570101 0.19678579 -0.03465638
v -0.27783042 0.15000000 -0.06357159
v -0.29631585 0.22722511 0.04766842
v -0.31489353 0.17858811 0.07772774
v -0.28465638 0.22570101 0.07678579
v -0.31357159 0.20783042 0.03000000
v -0.29631585 0.07277489 0.04766842
v -0.31489353 0.12141189 0.07772774
v -0.28465638 0.07429899 0.07678579
v -0.31357159 0.09216958 0.03000000
v -0.24858811 0.10227226 0.12489353
v -0.29722511 0.13233158 0.10631585
v -0.26678579 0.08534362 0.10570101
v -0.24891521 0.13212942 0.13461622
v -0.29570101 0.10321421 0.09465638
v -0.24858811 0.19772774 0.12489353
v -0.29722511 0.16766842 0.10631585
v -0.26678579 0.21465638 0.10570101
v -0.24891521 0.16787058 0.13461622
v -0.29570101 0.19678579 0.09465638
v -0.27783042 0.15000000 0.12357159
v -0.32581322 0.15000000 -0.00005932
v -0.32581322 0.15000000 0.06005932
v -0.32461622 0.17891521 0.01212942
v -0.32461622 0.12108479 0.01212942
v -0.32461622 0.17891521 0.04787058
v -0.32461622 0.12108479 0.04787058
f 1463 1600 1516
f 1600 1500 1602
f 1516 1602 1479
f 1600 1602 1516
f 1500 1601 1617
f 1601 1474 1614
f 1617 1614 1503
f 1601 1614 1617
f 1479 1615 1517
f 1615 1503 1613
f 1517 1613 1468
f 1615 1613 1517
f 1500 1617 1602
f 1617 1503 1615
f 1602 1615 1479
f 1617 1615 1602
f 1463 1516 1505
f 1516 1479 1518
f 1505 1518 1475
f 1516 1518 1505
f 1479 1517 1522
f 1517 1468 1520
f 1522 1520 1480
f 1517 1520 1522
f 1475 1521 1506
f 1521 1480 1519
f 1506 1519 1464
f 1521 1519 1506
f 1479 1522 1518
f 1522 1480 1521
f 1518 1521 1475
f 1522 1521 1518
f 1463 1505 1532
f 1505 1475 1534
f 1532 1534 1484
f 1505 1534 1532
f 1475 1506 1537
f 1506 1464 1535
f 1537 1535 1485
f 1506 1535 1537
f 1484 1538 1533
f 1538 1485 1536
f 1533 1536 1470
f 1538 1536 1533
f 1475 1537 1534
f 1537 1485 1538
f 1534 1538 1484
f 1537 1538 1534
f 1463 1532 1583
f 1532 1484 1585
f 1583 1585 1496
f 1532 1585 1583
f 1484 1533 1596
f 1533 1470 1594
f 1596 1594 1499
f 1533 1594 1596
f 1496 1598 1584
f 1598 1499 1595
f 1584 1595 1473
f 1598 1595 1584
f 1484 1596 1585
f 1596 1499 1598
f 1585 1598 1496
f 1596 1598 1585
f 1463 1583 1600
f 1583 1496 1603
f 1600 1603 1500
f 1583 1603 1600
f 1496 1584 1621
f 1584 1473 1619
f 1621 1619 1504
f 1584 1619 1621
f 1500 1623 1601
f 1623 1504 1620
f 1601 1620 1474
f 1623 1620 1601
f 1496 1621 1603
f 1621 1504 1623
f 1603 1623 1500
f 1621 1623 1603
f 1464 1519 1558
f 1519 1480 1560
f 1558 1560 1491
f 1519 1560 1558
f 1480 1520 1573
f 1520 1468 1571
f 1573 1571 1494
f 1520 1571 1573
f 1491 1575 1559
f 1575 1494 1572
f 1559 1572 1472
f 1575 1572 1559
f 1480 1573 1560
f 1573 1494 1575
f 1560 1575 1491
f 1573 1575 1560
f 1468 1613 1524
f 1613 1503 1616
f 1524 1616 1481
f 1613 1616 1524
f 1503 1614 1618
f 1614 1474 1609
f 1618 1609 1502
f 1614 1609 1618
f 1481 1611 1523
f 1611 1502 1608
f 1523 1608 1467
f 1611 1608 1523
f 1503 1618 1616
f 1618 1502 1611
f 1616 1611 1481
f 1618 1611 1616
f 1474 1620 1605
f 1620 1504 1624
f 1605 1624 1501
f 1620 1624 1605
f 1504 1619 1622
f 1619 1473 1587
f 1622 1587 1497
f 1619 1587 1622
f 1501 1607 1604
f 1607 1497 1586
f 1604 1586 1465
f 1607 1586 1604
f 1504 1622 1624
f 1622 1497 1607
f 1624 1607 1501
f 1622 1607 1624
f 1473 1595 1590
f 1595 1499 1599
f 1590 1599 1498
f 1595 1599 1590
f 1499 1594 1597
f 1594 1470 1540
f 1597 1540 1486
f 1594 1540 1597
f 1498 1592 1589
f 1592 1486 1539
f 1589 1539 1469
f 1592 1539 1589
f 1499 1597 1599
f 1597 1486 1592
f 1599 1592 1498
f 1597 1592 1599
f 1470 1536 1552
f 1536 1485 1554
f 1552 1554 1490
f 1536 1554 1552
f 1485 1535 1543
f 1535 1464 1541
f 1543 1541 1487
f 1535 1541 1543
f 1490 1556 1553
f 1556 1487 1542
f 1553 1542 1471
f 1556 1542 1553
f 1485 1543 1554
f 1543 1487 1556
f 1554 1556 1490
f 1543 1556 1554
f 1466 1562 1512
f 1562 1492 1564
f 1512 1564 1478
f 1562 1564 1512
f 1492 1563 1570
f 1563 1472 1567
f 1570 1567 1493
f 1563 1567 1570
f 1478 1568 1513
f 1568 1493 1566
f 1513 1566 1467
f 1568 1566 1513
f 1492 1570 1564
f 1570 1493 1568
f 1564 1568 1478
f 1570 1568 1564
f 1466 1512 1508
f 1512 1478 1514
f 1508 1514 1476
f 1512 1514 1508
f 1478 1513 1515
f 1513 1467 1510
f 1515 1510 1477
f 1513 1510 1515
f 1476 1511 1507
f 1511 1477 1509
f 1507 1509 1465
f 1511 1509 1507
f 1478 1515 1514
f 1515 1477 1511
f 1514 1511 1476
f 1515 1511 1514
f 1466 1508 1528
f 1508 1476 1530
f 1528 1530 1483
f 1508 1530 1528
f 1476 1507 1527
f 1507 1465 1525
f 1527 1525 1482
f 1507 1525 1527
f 1483 1531 1529
f 1531 1482 1526
f 1529 1526 1469
f 1531 1526 1529
f 1476 1527 1530
f 1527 1482 1531
f 1530 1531 1483
f 1527 1531 1530
f 1466 1528 1544
f 1528 1483 1546
f 1544 1546 1488
f 1528 1546 1544
f 1483 1529 1549
f 1529 1469 1547
f 1549 1547 1489
f 1529 1547 1549
f 1488 1551 1545
f 1551 1489 1548
f 1545 1548 1471
f 1551 1548 1545
f 1483 1549 1546
f 1549 1489 1551
f 1546 1551 1488
f 1549 1551 1546
f 1466 1544 1562
f 1544 1488 1565
f 1562 1565 1492
f 1544 1565 1562
f 1488 1545 1580
f 1545 1471 1577
f 1580 1577 1495
f 1545 1577 1580
f 1492 1582 1563
f 1582 1495 1578
f 1563 1578 1472
f 1582 1578 1563
f 1488 1580 1565
f 1580 1495 1582
f 1565 1582 1492
f 1580 1582 1565
f 1467 1566 1523
f 1566 1493 1569
f 1523 1569 1481
f 1566 1569 1523
f 1493 1567 1576
f 1567 1472 1572
f 1576 1572 1494
f 1567 1572 1576
f 1481 1574 1524
f 1574 1494 1571
f 1524 1571 1468
f 1574 1571 1524
f 1493 1576 1569
f 1576 1494 1574
f 1569 1574 1481
f 1576 1574 1569
f 1465 1509 1604
f 1509 1477 1606
f 1604 1606 1501
f 1509 1606 1604
f 1477 1510 1610
f 1510 1467 1608
f 1610 1608 1502
f 1510 1608 1610
f 1501 1612 1605
f 1612 1502 1609
f 1605 1609 1474
f 1612 1609 1605
f 1477 1610 1606
f 1610 1502 1612
f 1606 1612 1501
f 1610 1612 1606
f 1469 1526 1589
f 1526 1482 1591
f 1589 1591 1498
f 1526 1591 1589
f 1482 1525 1588
f 1525 1465 1586
f 1588 1586 1497
f 1525 1586 1588
f 1498 1593 1590
f 1593 1497 1587
f 1590 1587 1473
f 1593 1587 1590
f 1482 1588 1591
f 1588 1497 1593
f 1591 1593 1498
f 1588 1593 1591
f 1471 1548 1553
f 1548 1489 1557
f 1553 1557 1490
f 1548 1557 1553
f 1489 1547 1550
f 1547 1469 1539
f 1550 1539 1486
f 1547 1539 1550
f 1490 1555 1552
f 1555 1486 1540
f 1552 1540 1470
f 1555 1540 1552
f 1489 1550 1557
f 1550 1486 1555
f 1557 1555 1490
f 1550 1555 1557
f 1472 1578 1559
f 1578 1495 1581
f 1559 1581 1491
f 1578 1581 1559
f 1495 1577 1579
f 1577 1471 1542
f 1579 1542 1487
f 1577 1542 1579
f 1491 1561 1558
f 1561 1487 1541
f 1558 1541 1464
f 1561 1541 1558
f 1495 1579 1581
f 1579 1487 1561
f 1581 1561 1491
f 1579 1561 1581

o Shin_Left
usemtl AXION_Armor_Blue
v -0.38828185 -0.28372317 -0.08500000
v -0.38828185 -0.28372317 0.14500000
v -0.35080488 0.14464055 -0.08500000
v -0.35080488 0.14464055 0.14500000
v -0.14919512 -0.30464055 -0.08500000
v -0.14919512 -0.30464055 0.14500000
v -0.11171815 0.12372317 -0.08500000
v -0.11171815 0.12372317 0.14500000
f 1626 1628 1625
f 1629 1626 1625
f 1625 1628 1627
f 1627 1629 1625
f 1626 1632 1628
f 1630 1626 1629
f 1630 1632 1626
f 1628 1632 1627
f 1631 1629 1627
f 1627 1632 1631
f 1631 1630 1629
f 1632 1630 1631

o Boot_Left
usemtl AXION_Armor_Dark
v -0.40500000 -0.47000000 -0.12000000
v -0.40500000 -0.47000000 0.18000000
v -0.40500000 -0.27000000 -0.12000000
v -0.40500000 -0.27000000 0.18000000
v 0.06500000 -0.47000000 -0.12000000
v 0.06500000 -0.47000000 0.18000000
v 0.06500000 -0.27000000 -0.12000000
v 0.06500000 -0.27000000 0.18000000
f 1634 1636 1633
f 1637 1634 1633
f 1633 1636 1635
f 1635 1637 1633
f 1634 1640 1636
f 1638 1634 1637
f 1638 1640 1634
f 1636 1640 1635
f 1639 1637 1635
f 1635 1640 1639
f 1639 1638 1637
f 1640 1638 1639

o Boot_Left_Toe
usemtl AXION_Armor_Blue
v -0.06000000 -0.45500000 -0.11000000
v -0.06000000 -0.45500000 0.17000000
v -0.06000000 -0.32500000 -0.11000000
v -0.06000000 -0.32500000 0.17000000
v 0.22000000 -0.45500000 -0.11000000
v 0.22000000 -0.45500000 0.17000000
v 0.22000000 -0.32500000 -0.11000000
v 0.22000000 -0.32500000 0.17000000
f 1642 1644 1641
f 1645 1642 1641
f 1641 1644 1643
f 1643 1645 1641
f 1642 1648 1644
f 1646 1642 1645
f 1646 1648 1642
f 1644 1648 1643
f 1647 1645 1643
f 1643 1648 1647
f 1647 1646 1645
f 1648 1646 1647

o Boot_Left_Energy
usemtl AXION_Energy_Orange
v -0.28000000 -0.28000000 -0.14000000
v -0.28000000 -0.28000000 0.18000000
v -0.28000000 -0.24000000 -0.14000000
v -0.28000000 -0.24000000 0.18000000
v -0.08000000 -0.28000000 -0.14000000
v -0.08000000 -0.28000000 0.18000000
v -0.08000000 -0.24000000 -0.14000000
v -0.08000000 -0.24000000 0.18000000
f 1650 1652 1649
f 1653 1650 1649
f 1649 1652 1651
f 1651 1653 1649
f 1650 1656 1652
f 1654 1650 1653
f 1654 1656 1650
f 1652 1656 1651
f 1655 1653 1651
f 1651 1656 1655
f 1655 1654 1653
f 1656 1654 1655

o Dash_Wing_Right
usemtl AXION_Energy_Cyan
v -0.61671819 1.28300446 0.27500000
v -0.61671819 1.28300446 0.32500000
v -0.64761989 1.37811011 0.27500000
v -0.64761989 1.37811011 0.32500000
v -0.31238011 1.38188989 0.27500000
v -0.31238011 1.38188989 0.32500000
v -0.34328181 1.47699554 0.27500000
v -0.34328181 1.47699554 0.32500000
f 1658 1660 1657
f 1661 1658 1657
f 1657 1660 1659
f 1659 1661 1657
f 1658 1664 1660
f 1662 1658 1661
f 1662 1664 1658
f 1660 1664 1659
f 1663 1661 1659
f 1659 1664 1663
f 1663 1662 1661
f 1664 1662 1663

o Dash_Wing_Left
usemtl AXION_Energy_Cyan
v -0.64761989 1.18188989 0.27500000
v -0.64761989 1.18188989 0.32500000
v -0.61671819 1.27699554 0.27500000
v -0.61671819 1.27699554 0.32500000
v -0.34328181 1.08300446 0.27500000
v -0.34328181 1.08300446 0.32500000
v -0.31238011 1.17811011 0.27500000
v -0.31238011 1.17811011 0.32500000
f 1666 1668 1665
f 1669 1666 1665
f 1665 1668 1667
f 1667 1669 1665
f 1666 1672 1668
f 1670 1666 1669
f 1670 1672 1666
f 1668 1672 1667
f 1671 1669 1667
f 1667 1672 1671
f 1671 1670 1669
f 1672 1670 1671

o Reference_Floor_Delete_Optional
usemtl Reference_Floor_Grey
v -0.72000000 -0.51250000 -0.27500000
v -0.72000000 -0.51250000 0.27500000
v -0.72000000 -0.48750000 -0.27500000
v -0.72000000 -0.48750000 0.27500000
v 1.48000000 -0.51250000 -0.27500000
v 1.48000000 -0.51250000 0.27500000
v 1.48000000 -0.48750000 -0.27500000
v 1.48000000 -0.48750000 0.27500000
f 1674 1676 1673
f 1677 1674 1673
f 1673 1676 1675
f 1675 1677 1673
f 1674 1680 1676
f 1678 1674 1677
f 1678 1680 1674
f 1676 1680 1675
f 1679 1677 1675
f 1675 1680 1679
f 1679 1678 1677
f 1680 1678 1679

